0,1
-5.0213733,-0.16285072
-8.942641,-1.0858097
-7.091118,-1.1472616
13.22346,17.789408
12.813136,14.613946
16.177347,23.34889
-8.038032,-0.080495894
28.714222,-19.623558
-7.3162975,-0.20735823
-7.4924383,-0.2810218
-6.9640026,-0.96561563
-8.345783,-1.2132895
-7.391082,-0.8258154
-7.099597,-1.2647971
-0.34550253,2.6461468
25.632895,-18.904108
-7.7686896,-0.7590158
-6.994971,-1.8212417
16.779505,27.767334
31.177233,-23.356663
-8.464353,-0.63048553
3.990938,5.3256726
40.279774,-21.937916
-7.602533,-1.0397255
11.529509,14.844702
-8.546235,-1.7711378
-8.22223,-0.45781696
-8.713428,-0.48116407
-8.8870945,-2.0255854
-8.719892,-1.1258922
-7.2130375,-0.3015487
-8.34652,-0.3776032
-5.515607,-2.598402
8.682393,9.940873
-8.420942,-0.8136244
-4.904179,-1.3879927
-7.374009,-0.95359063
-9.244683,-1.7977765
-8.177819,-1.3644034
-7.853707,-0.8189414
-4.557453,-1.1762127
18.887604,12.627828
-5.7580533,-0.31936914
18.899408,-12.723868
-8.801212,-0.867722
-9.2123375,-1.5372797
-7.1342206,-0.92499804
-7.7921042,-0.24902196
-6.905838,-0.9219765
-8.712076,-0.52522683
-8.646587,-1.2362266
-9.856603,-1.3332778
-8.885855,-0.7806282
-4.2820134,1.9941926
-9.19054,-0.65861285
-9.329093,-2.1508348
-8.877112,-0.84376043
-9.290963,-0.8421232
-8.361265,-0.69515604
-7.6599603,-1.0219586
8.303153,7.707085
-8.478987,-0.6738902
17.02092,19.115843
-8.103667,-1.1206299
-8.617269,-1.4908198
-7.420659,-1.2181038
10.74736,1.1240041
-8.082631,-1.1865803
-8.958577,-1.0359664
-9.4621935,-1.4820032
34.610203,-20.489628
-8.589183,-0.5267951
-2.399062,-3.2962139
27.634434,-17.156916
-7.7174973,-0.834493
-7.5043516,-0.45265508
3.5663285,6.1194396
25.5641,-17.693743
-7.6053653,-0.680677
-4.606567,-1.3842978
11.002579,11.894889
-8.038297,-1.2417028
43.8843,-11.831725
-8.944303,-1.0223713
22.50066,-1.014758
31.374098,-17.820053
-6.8380837,-0.93269277
-8.994371,-0.84795535
-8.540385,-0.5418973
-9.683119,-1.3679571
-7.314625,-2.780108
22.44415,-3.3122034
-9.676473,-1.3312653
8.081838,9.378664
-4.539854,0.29937208
-8.102178,-0.87788016
-5.409378,-0.6292289
21.974234,12.617395
8.922208,11.847276
11.352537,14.323006
14.657502,28.042269
22.925423,23.078194
26.79933,-20.973047
-8.875926,0.16559063
17.649637,13.341556
-8.601444,-0.92715997
-10.075393,-1.1888375
-9.54102,-1.2699276
12.693357,0.9693901
12.776461,18.449793
-9.368363,-0.9684799
-8.97486,-1.5446141
-7.0505953,-1.2978514
17.798666,26.16973
-7.880033,-1.0633456
-8.413743,-2.0960338
-4.0306935,-0.9392464
4.18192,5.143632
-7.731315,-0.014363086
-7.973118,-1.7762736
-6.5810065,-1.0993427
-9.344814,-1.6271129
8.265786,-12.904989
-7.840509,-1.2651973
-8.651901,-0.7759131
10.345418,-11.538842
-8.433196,-0.76710135
-8.16474,-1.0095576
-6.261163,-1.2853849
-9.150907,-0.9278149
-7.450378,-1.7865895
-7.7258716,-0.4590213
21.920057,-14.96033
39.785038,-19.83646
-7.531445,-0.39563742
-7.677031,-0.2300908
-7.908838,-1.8594828
17.215443,19.559849
-8.793868,-1.2418398
-8.532389,-0.7469107
-6.6792593,-1.0161668
-6.7949452,-1.2612429
-7.6577864,-0.8087568
-9.949691,-0.7192867
-8.805212,-1.0390438
-9.278997,-1.1123701
-8.045663,-0.74975765
30.68423,-10.927775
9.342019,1.0226113
-7.2035995,-1.442412
6.093959,6.429353
-7.144947,-1.2290614
14.638132,-9.975091
19.37449,-12.5279045
-8.062242,-1.0782719
-8.685589,-0.7117675
-8.719426,-1.0060341
-7.081494,-1.0262498
25.963295,-16.896912
26.820324,-21.060844
-9.338692,-1.3334578
-2.9192157,0.6208779
-8.572983,-0.7698367
20.376953,23.450586
-6.028548,-0.49390382
24.933342,-13.59412
-9.626305,-1.1365256
-9.19847,-1.015854
17.125853,21.396639
-6.5902553,-0.24543121
14.558934,18.62425
-9.558125,-0.990403
-8.19605,-1.1846287
-6.751066,-0.54516286
-9.614997,-0.91363585
13.365061,-8.5658045
0.34171188,-5.574474
-8.322631,-1.2765365
28.986115,-7.102234
-8.630895,-0.83072346
-8.024395,-0.45207784
-8.382204,-0.72918326
-9.21643,-1.546431
-9.492585,-0.7960462
21.037037,-12.51179
25.438335,39.260498
-8.940451,-1.1257676
-7.84021,-0.6066885
-4.630349,-0.025834922
-8.267424,-1.0086459
-9.218578,-0.5429066
27.318077,-17.041744
-8.271199,-0.83388597
-7.930921,-0.79670876
16.549114,23.778723
-8.77965,-0.84005517
-8.040651,-0.9142711
-9.595002,-0.87552696
8.499321,9.579422
7.3511834,7.8038354
20.173208,13.17585
-8.791503,-0.65773904
-8.187212,-0.7958516
-7.6842437,-1.6527802
-8.8735,-0.47534388
-7.107572,-1.2532574
-6.4478173,-0.5515941
31.556988,-21.7592
-6.641742,-0.093388446
-8.319274,-0.45388076
22.329214,29.04491
-8.272751,-0.8631444
-9.640185,-1.6563925
-6.9284678,-0.42342702
-9.634726,-0.7603599
10.657613,11.487271
-5.661876,-1.0783068
-7.9359894,-1.3381395
-7.4850755,-0.7531481
-9.023526,-1.3483403
12.067466,-8.789136
-6.962371,-0.8314238
-5.892329,-0.90138185
-9.139628,-1.2413417
-5.84606,0.50802827
-5.279022,-0.7383749
29.802692,-13.24717
-7.9716673,-0.5554146
-6.0579705,-1.187602
13.891871,16.10463
-7.163341,-0.8005463
-8.963827,-0.9508283
9.4434185,11.193872
-8.57106,-0.32379487
-8.174045,-0.50715864
14.642717,-10.244161
-7.0039735,-1.2194992
22.065819,35.070553
0.007136835,-1.677493
-5.5658593,-0.7862309
5.3862863,7.953773
-8.010557,-0.5049369
-8.624419,-1.127837
-7.3119826,0.5165539
-8.191458,-1.391855
29.99155,-3.8498998
-7.785717,-0.6973388
-9.256128,-1.5484357
8.096637,11.203013
-7.844401,-0.6341061
-6.9797835,-0.9977861
29.602003,-12.614082
-8.188582,-1.410838
-9.534735,-1.4102107
-8.389969,-0.18197297
18.489944,-11.29873
-3.9137056,-1.6168748
-7.8911796,-1.0028635
12.149045,15.3886
16.205172,-10.428326
-9.469015,-0.92497534
26.46601,-10.594746
14.488642,2.093521
6.510685,4.6768823
-9.959059,-1.2285091
-9.574023,-1.1657513
-7.7506843,-1.0408193
-9.793577,-1.6483275
-8.399585,-0.64009553
-7.4962187,-0.6385043
-8.027045,-0.9429109
-4.315999,-1.4403845
-7.5961275,-1.0632455
5.338064,-7.493814
8.152417,-10.926735
-8.742789,-1.1307073
-8.857053,-0.66202205
12.906856,-11.277597
-6.76728,-0.4618726
-5.9760084,-1.547488
-8.843511,-1.2273792
-6.068635,0.49368027
-8.206655,-1.0347798
-4.721505,0.0049144593
-8.3571005,-0.76214194
-8.600012,-1.0141438
-6.973253,1.0014172
-8.703913,-1.1445214
9.49546,12.549785
32.23065,-17.137156
42.68378,-16.293749
14.672085,-10.601757
-9.172061,-1.4577391
20.442072,23.198563
-8.101094,-1.6790124
37.09831,-15.57009
13.57951,13.713687
-8.188468,-1.7632535
-7.269557,-1.1393783
18.2097,23.776003
22.95377,-16.908966
15.571961,-10.002633
-8.052216,-0.80810434
14.599154,15.577309
-6.5761166,-2.61942
-9.898746,-1.2771086
30.627047,-13.577482
-8.586144,-1.1072948
-8.632739,-0.6089014
-8.743841,-1.2513845
-8.426726,-1.1594478
21.806065,-13.535772
10.072956,11.6256275
-7.785729,-0.40956557
-3.2884736,0.35074994
-7.830913,-0.64535016
-5.8564625,-0.8928914
-7.0075927,-0.7259573
14.794858,18.959085
-8.026467,-0.9749661
-8.848768,-0.52577734
-5.2106433,-0.57908195
12.088235,13.682626
17.612387,20.224174
-6.615432,-1.6233531
35.98186,-25.940262
-8.1054325,-0.94447446
-8.981224,-0.39269212
21.289389,-14.252701
-8.84359,-1.2304188
-8.693443,-1.7906483
-7.4603677,-0.24238823
-9.980653,-1.8890241
12.33424,15.715391
-6.5603986,0.034133974
-7.860276,-0.4759535
14.061272,15.601058
-7.610157,-0.6994291
-9.4302435,-0.69174767
25.902618,-9.4996605
-2.9703057,0.24531442
-7.2397423,-0.6964618
-8.895146,-0.94432116
-9.177343,-1.2656711
9.815036,10.180617
-8.890373,-0.46712032
9.663709,8.5933485
21.25277,30.162827
-5.7200866,-1.2946224
11.979408,9.715328
15.907244,21.585459
-8.345295,-0.74004364
-4.4020853,-0.08675733
-3.2912493,0.61869353
-8.335831,-1.3428507
-9.525933,-1.2247436
-5.874692,-1.6826552
25.297497,-17.503382
18.182747,-11.903302
26.030457,-15.91284
-6.7797046,-1.0569229
-8.456571,-2.3035614
19.151289,-15.195368
-7.062187,-0.25094828
19.235214,-12.930309
-8.119337,-1.2055651
-4.2606053,-1.1265585
-8.144141,-0.18813282
21.036907,28.867908
-7.5629654,-0.470419
25.066662,-3.6077065
-7.9140677,-0.23092574
-7.998508,-2.119417
-5.4442577,-0.20059209
18.616121,30.19084
-7.677548,-0.396099
-9.672597,-0.32443422
-7.6651087,-1.6863265
-10.538521,-1.1749266
21.609713,-15.084279
-6.48299,-2.3350854
13.84087,17.007336
-9.196209,-1.7615354
-7.2472467,-0.46099427
-5.590592,-0.35629785
-3.050295,1.1362994
-8.214549,-1.1829412
-8.39639,-1.2288952
-4.1132154,1.0141895
-3.1340766,-2.3515236
27.068434,-14.4453535
9.106931,10.162303
-8.024272,-1.1202482
-8.876825,-1.0100704
-7.1890287,-1.0164033
-7.7049637,-1.5529764
11.1856365,11.704202
-4.7280903,-1.4837375
-9.229545,-1.2720547
-8.055517,-0.047505286
-9.9315,-1.7000735
-6.6700606,-0.76019335
-8.165735,-0.88548094
-8.613705,-0.68975025
12.149994,14.925558
-10.852664,-1.4332265
25.600985,34.56494
-9.076025,-1.4078835
-9.4359665,-1.4753685
-6.7759366,-0.28953615
32.809856,-19.846046
-5.5264735,-2.166544
-7.843441,-0.86746347
-8.009952,-0.7998964
-8.264986,-1.0234653
-8.215502,-1.2547114
21.964182,22.469421
-9.26531,-0.47626892
-9.874956,-1.750157
-9.009553,-1.4220445
-9.515205,-1.5767788
-9.812617,-1.9151069
-8.618015,-0.78828406
-9.496258,-1.188131
-5.459998,-3.5912614
-7.68471,-1.1667588
24.999851,-18.138474
-9.373599,-0.5486968
-6.9578547,-0.22817157
-7.4931436,-1.0774379
24.99116,-20.561766
8.093862,9.827162
-8.56412,-1.3273463
-8.639944,-0.6122256
-6.640526,-0.938577
7.8185534,9.721488
14.3373785,19.220333
-7.987967,-0.3731588
15.6020155,20.316414
-5.372817,-1.2710097
-7.4494286,-1.3605599
-8.074707,-0.76594114
24.431654,-19.026024
-8.07211,-0.47935668
-8.456114,-1.174867
18.636702,-0.61995935
-8.912972,-1.5875382
-8.604115,-0.95929235
-8.514647,-0.85285145
-7.732866,0.0552125
-8.040828,-0.9997247
-7.6541104,0.20603617
-8.863101,-1.7818294
29.689816,-25.202757
-7.3839817,-0.994569
-8.964298,-0.5625183
17.852167,24.495
-5.0884895,-2.2259154
-6.7540774,-0.28537127
-8.2918625,-0.5742448
-8.236135,-0.7249126
11.9538355,11.872238
-9.022771,0.21226844
-9.211347,-1.0786895
-8.668884,-1.1929122
-7.1509905,-0.9087594
-8.355726,-1.7311419
-8.083723,-0.9140628
-8.712493,-1.6107289
-9.387641,-0.9811488
-5.9284616,-0.22801726
12.793958,13.069323
18.377115,25.513838
-8.65039,-1.1478254
-6.2259583,-1.0702447
-8.897834,-1.2909361
14.001678,21.03162
17.554619,-12.194718
15.616287,16.560596
-8.628749,-1.5994452
-5.9163756,-0.5154359
-6.715841,-0.8393593
19.960974,-13.70433
-9.649335,-1.1113726
-6.2492237,-1.6920669
26.670357,4.462818
12.396745,14.397193
-5.209819,0.18806028
-9.483615,-0.35659677
14.924371,19.083227
-7.79496,-1.0450419
-8.115884,-0.9282087
-8.827465,-1.4278578
-8.727721,-1.0374107
19.724182,20.711048
-6.3277006,-0.4663112
4.497751,3.532046
7.2180705,7.026085
-5.549114,-1.2750764
-9.574199,-1.3744717
-9.520484,-1.6930437
22.397726,-15.830292
19.990261,-7.2087507
28.341219,-21.138634
-3.86109,0.38038588
25.145298,-17.39382
-9.160938,-1.5074733
-7.4468737,-1.2707915
-9.153719,-0.90270567
16.54167,11.57503
20.977757,-15.8690815
-5.244665,-1.0068597
-8.199291,-0.46785107
-7.0721393,-1.4994957
-7.8178883,-1.2024683
-9.084676,-1.4971766
-6.419329,-0.86174256
-7.0318165,-0.28391486
-1.4485643,-3.2238238
-6.7453165,-1.2280091
23.844732,-17.294096
-5.3428073,-0.6654758
38.090878,-28.522362
-8.7521105,-1.4550766
-3.0998554,0.6024383
-9.393246,-1.0389282
-8.240347,-1.7649523
-8.343426,-1.0053856
-9.645297,-1.1428305
17.718878,3.7565634
-9.422928,-1.3361162
-6.4751005,-1.6216576
-8.455255,-0.38577658
-7.821265,-0.74545246
23.986532,-17.611315
23.573334,2.6949346
-8.899259,-0.8800604
15.149276,15.670475
15.234274,-12.781489
-8.06947,-1.1007041
-5.2905483,-0.22634031
16.773027,-10.013622
-9.304613,-1.0050207
-9.854641,-1.1222407
3.3887618,2.6943192
-7.743492,-1.0115731
-9.765516,-1.0070679
16.424488,-16.093264
17.701914,20.667768
-8.660337,-1.6478019
14.246072,22.800713
-9.553034,-1.216756
-7.9946723,-0.22767775
29.954279,-23.34882
35.042625,-24.984009
-8.680214,-1.1264175
-8.428077,-1.3178301
16.068853,18.025818
16.720793,24.245787
-6.845331,-0.888375
-4.3554316,-0.9022997
16.417793,-11.756396
-8.745485,-1.2329154
9.558936,17.126053
-8.900213,-1.2931153
-9.038897,-1.3171297
12.622095,13.295778
-8.1987095,-1.384073
-7.534244,-0.17352946
-6.031648,-0.5940702
-10.070279,-0.7203382
-8.209574,-0.48687798
-5.680061,-1.0647067
-8.472074,-0.6930515
-8.718027,-0.9500975
-9.05243,-1.0909154
-8.909111,-0.9552046
20.593235,30.306519
-7.4428368,-0.45638227
-9.336414,-0.98932004
-10.286772,-1.029749
35.509235,-22.443949
-7.732803,-0.43715414
-7.632133,-1.1566126
-9.072175,-1.4831288
-9.065612,-1.0319275
-8.460372,-1.6077791
-8.840863,-1.9644405
-7.6502423,-0.55393696
26.335306,-15.882025
26.359997,-16.78994
19.965689,-4.2393346
-9.027795,-1.3052216
17.455055,-12.53295
-5.255779,-1.4533079
17.31865,-12.718353
19.238602,22.189627
18.982918,5.428827
38.76732,-23.319946
-8.253344,-0.7301677
12.284008,13.388459
-8.410733,-1.5775739
-9.378765,-1.6195797
25.643297,-14.9746
-3.0273874,0.66461337
-9.517165,-1.8106977
17.648462,22.701488
-10.730076,-1.3067317
9.9420395,11.621494
-7.463139,-0.36269668
-7.3958545,-0.8893379
-9.776076,-1.060705
-8.832147,-1.6285257
-8.048764,-1.2456511
-8.532605,-0.2551043
-7.5562067,-1.7347611
-10.633592,-1.4173777
-6.421689,-1.2775978
4.0177183,2.956978
9.318263,10.9975815
-6.9817533,-0.6548606
-9.294344,-1.2335293
13.481404,19.427393
-5.832819,-0.64137995
-8.570592,-0.5614646
-8.713516,-0.8934939
-9.059931,-0.42656797
-7.52233,-1.0118712
10.201633,12.505125
21.368914,-11.931364
17.214743,19.52974
-6.701887,-0.63741523
12.937214,14.766757
-4.513403,-2.023326
0.94636166,5.6850996
-8.058435,-1.3185438
-8.357534,-1.0504675
-9.820744,-0.9183375
19.058893,24.971449
-8.910226,-0.9092126
26.017485,-17.966198
21.43821,-13.6613865
-9.658064,-2.072692
19.671576,17.838703
-7.788643,-1.1574239
17.257668,-11.7921295
-8.269716,-1.1251992
-9.178414,-1.4304552
-9.680985,-1.1853042
20.771635,-11.515507
-8.942463,-0.9661684
-7.295259,-0.59608275
18.387602,-12.123058
-8.168281,-1.2707222
25.644125,-19.201097
0.17684734,0.6322528
-7.7686477,-0.57175976
-9.549405,-1.0972033
-8.208737,-1.0535259
8.140342,9.874783
8.227904,10.590428
20.359137,2.1791499
-8.63444,0.20169316
-8.562864,-1.0917804
29.988272,-21.609413
19.417582,-16.423807
-7.1666527,-0.3612809
-9.211545,-1.0447959
12.87536,17.828701
26.259993,-19.734154
-9.433374,-0.98928446
-9.591703,-0.8844735
18.882906,27.710588
12.658418,15.302431
-9.573815,-1.7843235
-6.8412576,-0.40070245
-9.733427,-1.4006536
7.8616586,-0.9695617
13.185392,12.6933
-7.049209,-0.21422154
-8.997017,-1.0242437
-3.1676464,0.65665513
-8.887202,-0.69759333
-7.5330753,-1.5076884
16.227596,-13.210254
-7.811015,-1.1746862
-9.16375,-0.8176515
-7.259941,-3.0331683
-8.174747,-0.8865952
8.838988,10.657929
23.965605,37.618168
-8.342198,-0.44743156
19.433422,26.271296
21.455847,35.332104
-8.852691,-1.1294456
-8.017111,-1.5497438
-8.138296,-1.301722
-9.954589,-1.8781372
21.583412,29.521807
9.889631,10.523506
-7.228906,-0.14132892
-9.229697,-1.3837279
21.597866,-16.105331
-7.821602,-1.0838933
-8.239901,-1.1958964
-7.896183,-0.9679258
-8.876815,-0.81394386
-8.372114,-0.7303601
-6.916059,-0.7188106
-4.769351,-0.6654321
-8.9701805,-1.0561875
15.8533325,-11.123916
17.628267,-11.354277
-4.1962442,0.3239937
1.8562019,1.9666462
-7.1857266,-0.42120022
18.863714,24.452345
-5.485979,-1.2310846
-7.35027,-0.25991666
22.263151,-18.566448
22.075155,1.4239472
17.336689,-12.17557
-9.358236,-1.1097337
9.962269,11.560038
9.46879,10.694788
11.605688,13.119284
-8.208039,-1.0119935
20.551033,13.235652
-6.9765997,-1.0618397
28.241814,-21.309734
-8.2369,-1.9601767
14.04749,4.440536
-8.414835,-0.93619823
-9.518501,-0.96263164
-7.88744,-1.3659194
17.745588,-10.322446
-6.338031,1.3029404
12.276915,-9.259504
-6.6828346,-0.09811632
3.9741673,-5.5137753
-5.266218,-1.5858727
34.137447,-21.894817
-9.457278,-1.2067221
-8.234054,-1.2934872
-6.898844,-1.7076362
-7.6201973,-0.9836924
-8.307912,-1.3629837
26.662872,-6.1631656
-3.8014758,0.06742215
-6.8425665,-1.0710769
-8.632116,-0.6167126
-9.177353,-1.1439397
-5.4423623,-1.2558407
22.333233,-15.849139
-9.554633,-1.7753714
-8.792243,-0.6982742
-7.8146343,-0.32137594
-7.878894,-0.15217689
-9.073722,-1.2467451
26.86338,-21.969273
22.972618,-13.125653
-6.468982,-0.3845671
-7.8020015,-0.13770573
-7.86794,0.61735255
-11.777836,-2.4337976
32.666447,-23.738434
23.180258,-15.255089
-7.606791,-0.22326961
8.789483,9.678592
23.970743,35.332653
-8.553152,-0.6788236
28.878002,-12.17811
-8.438814,-0.5435164
6.185265,3.5463789
-7.5599318,-0.9146035
20.623816,26.266151
10.536154,16.631012
-8.006432,-0.835722
-9.184968,-1.7372464
-7.850276,-0.20228359
-8.79712,-1.3127561
36.225574,-10.414177
-8.976288,-1.127549
30.952354,-20.93662
15.000645,-2.0866573
25.909813,-13.199812
10.269994,10.857086
-7.0253863,-1.6036382
-8.983186,-0.8446463
-7.469038,-0.46389017
-10.350621,-1.3297377
-8.736583,-0.81407326
-8.036036,-0.52583677
-7.9022393,-1.1709875
-9.820326,-1.7009916
-8.525436,-1.032714
18.644669,24.207329
-7.0761714,-0.90590054
-8.981031,-1.1057111
-7.2228956,-0.78219414
10.369318,-4.6125383
-7.3210754,-0.5489907
-9.23968,-1.6927328
-7.6125207,-0.7517214
-8.295181,-0.8934219
-7.250246,-0.48337284
-7.6768007,-0.99531174
-7.3179817,-1.3685584
-7.4098454,-0.49768436
-7.4481225,-0.30959558
18.390265,25.760365
-8.056395,-0.55429614
-9.251996,-1.4497033
-8.583889,-0.9220942
-7.7426662,-1.0724539
-6.8592253,-1.35236
-9.326766,-1.2701801
34.2569,-18.348803
17.15994,24.500282
-9.336027,-0.75790364
-9.012015,-1.0215483
-8.175439,-0.2884907
-2.1734781,-3.4073226
-7.107589,-0.9943994
-6.22513,-0.5216434
24.173887,-13.671749
-9.715283,-1.2135899
19.39014,22.58814
13.586754,16.716309
-8.658742,-0.70264477
-8.825195,-1.1914539
-8.49447,-1.3754003
13.167793,-9.219197
-7.783233,-1.4060088
6.9218745,7.7752213
18.13275,24.114473
16.12005,21.581205
-8.9639635,-1.5413626
-9.489622,-1.4292766
-8.489002,-0.90983105
-8.148287,-0.8583483
-7.2481055,-0.12373757
-0.07080218,-5.2675905
-4.4567285,-1.0088983
-9.546328,-1.1527457
-4.5026054,-1.4611322
-7.702446,-0.7261924
-9.7249565,-1.6261446
-8.869719,-1.350027
1.6638284,-7.0922966
-9.153236,-1.930285
-8.896026,-1.1766663
-8.746684,-0.933905
21.539917,-15.107536
0.5407354,-0.5847147
6.0088797,6.66004
-8.405347,-1.3214493
20.027407,-12.93135
-7.1881933,-0.93042666
10.1886215,13.254437
-7.9735775,-1.0196377
30.491028,-21.561256
-7.1938887,-0.5323868
-7.763473,-0.43171737
22.327143,-15.56343
-9.395145,-0.9042215
-9.087806,-0.82246494
-7.8733163,-0.55723065
-8.286489,-0.5522616
-8.682833,-0.9239122
-8.327841,-1.2679505
-7.1423783,-0.32017672
13.518867,16.307415
-8.933744,-1.164867
10.338567,12.372169
25.998116,-10.8775425
4.9229994,6.647585
-8.947302,-1.3255094
-8.751842,-0.7742981
-8.736558,-1.6221657
-9.596757,-0.9072179
-8.34604,-1.360624
-9.03991,-1.1579055
-9.620877,-1.3053682
-6.4941206,-1.8767545
20.334309,-13.860456
19.730719,13.440803
-9.760875,-0.7370921
-7.823295,-0.7847302
-8.642972,-0.67521983
13.995652,-13.226195
23.54136,5.8268747
13.814512,-10.669937
-8.837261,-1.7535775
18.45728,25.205488
9.62352,14.311848
24.142647,-14.318584
12.070688,11.914777
14.274079,-10.4672785
-8.670872,-1.3323078
-9.864786,-1.9044073
9.098105,10.322596
-8.565372,-1.1133873
-7.810447,-0.32239574
-7.933406,-0.3824172
-9.247659,-1.1432052
-7.9370823,-0.6168988
-7.725908,-2.2280602
-8.242571,-1.14502
-9.451643,-1.2464585
-9.505362,-0.5484081
15.693426,-11.693385
-9.542045,-1.2971733
10.258314,-9.76062
-8.431732,-1.4535187
-7.963382,-0.44408864
-7.942108,-0.9560808
-7.313214,-0.8692851
-6.935289,-0.5698814
-8.214413,-0.67307395
-8.178504,-1.0060912
-8.903068,-1.0635827
-9.358642,-0.56020206
-7.178128,-0.52902853
7.8672724,6.327045
23.921577,2.57813
-9.187967,-0.730905
-8.155796,-1.2652022
-8.498422,-1.4537809
-9.483688,-0.9922442
-8.354912,-1.0499338
-7.93077,-0.2856436
29.152475,-18.069387
-6.69543,-1.1883715
6.22734,3.026466
-8.742601,-1.0552971
-9.112663,-1.168555
-7.750617,-0.98591053
-6.418253,-0.23136985
-7.8850646,-0.2694791
-9.0195875,-1.2472404
-9.951623,-0.99057925
-1.9358264,-2.2403767
-8.005264,-0.6086212
-8.918677,-1.0200614
-8.95402,-0.39909545
33.182903,-23.11526
-6.916335,-0.043465693
-9.580407,-0.14373544
-8.8694515,-1.5452918
-7.8091807,-0.2557226
8.318917,9.419432
-10.397066,-1.4171668
-8.608264,-0.5554628
-9.855271,-1.2658751
23.832699,-14.646036
21.029694,11.849316
-8.962249,-1.2870504
-9.009202,-0.9908765
-9.555323,-1.0317752
-8.799326,-1.2389588
-8.48345,-0.8392221
-6.2233124,-0.40911368
15.029346,17.02035
-8.736672,-0.66761726
21.568813,-14.326761
-8.663887,-1.7554151
-8.518745,-1.0467223
-1.3903303,-5.999597
-7.6783843,-1.6542879
17.354998,-11.576673
-7.7994905,-0.23500888
20.682682,28.031149
17.801214,-12.842655
-9.477591,-1.0481836
-7.2294717,-0.40911442
-8.60377,-0.44635805
-8.246865,-0.77927786
-8.135968,-0.6722112
-5.6956844,-0.62232876
17.088905,4.5757275
22.036545,10.895958
-8.450464,-1.960283
-7.616273,-0.7180773
-8.033792,-0.43880612
-7.4156437,-0.9033348
-9.280173,-1.4639078
-6.220559,-0.5878039
-9.087539,-0.7171761
-5.5630107,0.40205202
-9.235353,-0.67605156
-6.793848,-0.35600385
21.125406,29.03197
-3.4488235,3.1318111
-8.467925,-0.61946946
-7.805603,-0.9067644
-7.992373,-0.628594
-7.3111506,-0.858082
-2.7012093,0.7218912
-9.372263,-0.68341017
-7.0970473,-0.14420398
-8.325707,-1.2074244
28.57033,-11.288442
-6.557204,-0.07449722
-8.251844,-0.167848
-7.941869,-1.6032034
-8.539493,-0.22489192
32.34544,-18.614199
-7.9520607,-0.9712293
-7.103008,-0.9528224
-9.404844,-0.8519497
-6.8554134,-1.9760994
-8.242974,-0.5965241
-10.216145,-1.3784789
-6.2720914,-0.72856915
24.77831,-18.46954
7.1552687,8.841406
-8.174892,-0.43672365
-9.917743,-1.1407021
-9.877073,-1.500215
-8.282618,-0.81228584
-8.489889,-1.3351512
-8.469659,-0.7358089
-5.7720013,-0.17625408
-9.163458,-1.4609842
-7.964922,-0.59086895
7.2085686,-8.507854
22.5468,31.629057
-8.772901,-0.9903688
-7.2253594,-1.0808495
-6.733558,-1.3914512
5.1604314,3.0804768
-8.323215,-1.8455799
-9.668408,-0.6651566
-4.901547,-1.851965
-10.845762,-1.9466976
18.480669,24.094973
-9.149988,-0.7658565
-8.245932,-0.82894945
28.88869,-14.025132
-5.834816,-0.25193125
-9.43296,-0.8590608
15.12616,16.80457
-0.8679713,1.832031
-8.987836,-1.0385816
29.534885,-18.042938
-0.98704153,0.8293801
35.777695,5.5998125
-8.030007,-0.5823259
-7.3268795,-0.93815607
5.634917,1.4398339
-3.111087,0.51895
9.929203,11.9011
4.464221,3.4926205
-8.219119,-1.454536
-9.287687,-0.8880524
-8.164062,-0.6446806
-6.5593553,-0.8605057
11.668878,13.106069
-7.7097735,-0.2716096
13.37065,17.814638
-8.896355,-1.2553109
24.80891,-7.0864162
-9.167471,-0.7424577
31.261908,-25.39377
-7.6309714,-0.6072204
-8.725854,-1.0053797
-7.165593,-2.3158677
2.847388,3.6874137
19.878157,23.279255
-6.706065,-1.0206888
12.497891,13.036337
-10.780158,-1.3729142
20.415434,-17.552895
-9.099729,-1.4398977
-8.104385,-0.00196316
-7.576013,-0.8503233
-7.913826,-1.0347457
-7.73111,-1.5174142
-8.6265,-1.1350325
10.736017,12.266802
-8.255498,-1.9258913
35.509247,-12.654483
-7.3458776,0.015559617
9.697344,8.722733
18.7,24.688707
-8.966474,-0.947966
-7.1724305,-0.24998459
25.528595,-16.6837
-8.20847,-0.5669403
-5.8670187,-1.0867535
-3.169132,0.059945155
-5.9045777,-0.42018864
-6.28314,-0.45037133
16.24911,-16.276577
22.228045,34.398315
-8.286946,-1.510853
-9.88608,-1.1922587
-7.854688,0.038583647
-10.151672,-1.8899688
23.921362,-16.99547
9.940945,11.195469
-8.38562,-1.2141656
-6.118755,-0.9375318
14.476681,17.180754
17.04452,-12.906762
26.70789,-17.248785
33.482613,-24.06416
-8.056413,-1.1347791
-7.2772803,-0.7859547
19.110857,-12.488553
-9.075112,-1.3351735
25.554268,-17.8953
-8.54453,-2.0003686
-8.27958,-1.1358008
-8.885458,-0.8654261
-8.343035,-1.3896884
-8.596296,-0.5245967
-8.813726,-0.7809713
-9.050271,-1.2597464
-8.113808,-1.1488951
-8.48222,-1.2265753
37.265385,-15.637355
-8.40127,-0.5472848
-4.9410625,-0.67913705
-8.999704,-1.3814925
-8.154695,-0.7212957
-8.282154,-0.6460745
-6.920301,-2.3824193
-10.265736,-1.5195032
-7.634329,-0.7546783
21.91309,35.3488
-7.391168,1.7622006
22.35283,-15.087169
-7.7293005,-1.3308257
-8.8104725,-0.798007
-3.060722,0.5085705
18.725887,-13.515472
-7.71069,-0.49338394
11.118724,11.356623
-8.744031,-0.8643978
-6.9987106,-1.2131307
20.911636,-6.3702736
-7.518107,-0.23865542
10.7397995,14.650613
-9.1347065,-1.1871502
-8.066467,-1.0136168
-8.875043,-1.6848897
-5.3207293,-0.68791676
17.118896,2.9731483
15.424997,21.389874
12.608447,17.10359
8.932664,-7.259899
-8.4846525,-1.2552735
-8.229801,-0.6298295
17.681065,23.867603
18.764904,27.483246
11.56151,12.906647
-7.7475057,-1.5973083
-8.779617,-1.2809356
27.413956,-20.946093
18.36974,-14.836436
-6.103436,-1.2836552
-9.649344,-1.2053264
-8.241866,-0.8427543
-10.251951,-1.3130678
-7.481239,-1.5768317
-8.720429,-0.71401596
-9.18328,-1.2912139
17.74872,-13.658634
-4.714698,-0.6506043
-7.554366,-0.72123986
-8.1467495,-0.64491385
-8.433957,-0.6794399
-7.837021,-0.6895081
-8.3421335,-0.930166
21.39305,32.26592
-8.834902,-0.35071313
20.66376,29.514044
-8.091633,-0.9106291
21.30481,23.165829
-7.4810343,-0.25163257
9.401943,8.5741005
-5.01077,-0.35193855
-9.203622,-1.195631
-10.6896,-1.368143
-8.18906,-0.7606166
11.488367,12.496795
7.7377267,7.85424
16.685286,-9.574114
-6.8930397,-0.3473457
-8.002501,-1.0722523
24.710587,-6.2150803
-7.3144584,-0.54633945
31.62867,-23.82861
6.316743,8.241397
-7.246824,-0.8154385
-8.2877865,-0.35673186
23.154308,-2.124602
-7.7915277,-0.5594682
28.320377,-22.590734
-7.9218,-1.5055132
-9.7910385,-1.7125446
-7.7337813,-0.8354253
-6.0175714,-1.8505707
15.830542,10.815263
16.78332,-11.61009
-7.97036,-0.58837664
27.415812,-14.432824
-8.51927,-1.2232456
-9.766722,-1.0696771
-8.894114,-1.0393713
-8.985153,-1.3887508
15.3325,19.567524
17.192955,-13.01681
24.94668,29.879316
18.391838,26.78185
19.456724,12.706606
-6.6054792,-0.9816587
-8.851618,-0.61095524
12.165469,13.204987
-9.234134,-1.4576093
-8.666316,-0.50043935
15.073297,-10.649382
-8.332674,-1.2319894
-7.8097396,-1.1513659
-3.1919148,0.27444372
-8.733934,-1.0227183
-7.140088,-0.852572
-7.771698,-1.2682326
-8.441088,-0.5046417
10.669655,13.259165
-9.720138,-1.7345055
15.966556,19.71077
21.07732,-14.29962
7.8158145,8.531417
16.827908,-11.717981
24.849928,-17.677088
-10.330693,-1.6354426
19.676043,-13.4767685
18.288425,20.659048
-10.288544,-0.87676203
-8.310962,-1.6597201
-6.158503,-0.63664246
-8.687703,-1.0452812
-8.771854,-0.54753476
-7.2208457,-0.46317405
10.409853,15.03649
-4.6550837,-0.558203
-6.667424,-0.23359749
-9.419686,-1.1264117
-8.339081,-0.72675973
-7.7073083,-0.9102263
-8.788661,-1.2314845
25.34091,-3.8920872
-8.11666,-0.44535267
-9.44611,-1.1691208
-8.567312,-1.0109085
-9.203918,-1.090801
-7.639008,-1.0435754
20.080387,0.8251862
-9.584437,-1.3125175
-3.2938623,0.36232477
-9.467193,-1.3975542
27.90241,-21.68568
18.858603,-14.153831
-3.171633,0.4612848
5.153928,7.1546884
-6.9298234,-0.6639222
-8.7798,-1.5974284
11.988096,13.142212
-9.599124,-1.9973619
-8.293561,-0.5134446
18.251595,20.225277
-7.3488503,-0.46830276
-8.537876,-1.0191194
10.079667,11.633383
-7.763035,-0.9028467
24.87523,34.76475
-7.8686423,-1.3478255
-6.541327,-0.4234535
-8.177301,-1.8997993
-8.298835,0.31637332
-8.139793,-1.1129185
-9.125779,-0.7554541
15.309335,3.5009842
-3.1202652,0.42315677
-6.638394,-0.7716509
23.678308,35.24273
-8.7296915,-0.80198175
-3.3826222,0.0029790064
-7.6004143,-0.5546152
8.878716,10.158249
-8.298017,-1.775773
-7.309754,-0.41365743
-5.955755,-0.7075287
-9.989733,-1.2557269
-10.261703,-1.397171
-7.676897,-0.8716881
-6.0116696,-0.64941597
-3.175706,0.7660645
-7.005061,-0.95871675
-7.8536177,-0.7972707
39.385235,-12.849658
-6.9412456,-0.9203698
-7.4046273,-1.0757121
22.190332,33.49013
-6.036993,-1.1120135
-8.446448,-1.2719156
-7.014799,-1.2773128
-6.8049808,-1.3928072
24.457542,-18.782255
34.71784,-24.210655
-7.06532,-1.1669303
-9.276065,-1.0527908
-7.458435,-1.0213192
-6.618395,-0.31140172
22.764881,-15.855817
-8.493445,-0.6810907
-7.895613,-0.9912434
-6.572454,-0.5551839
-7.753837,-0.34524575
-7.480723,-0.87478036
-7.7222304,-0.13976794
-7.886918,-1.1666821
-7.804255,-0.4787259
-8.940944,-1.0361832
-7.7612066,-0.038283423
-7.828194,-0.49930498
-8.47441,-0.8275128
-9.516266,-1.5029788
20.841852,28.885572
-7.197135,-0.22351691
33.345806,-25.154137
26.211761,-17.366972
-9.020593,-0.13274267
-9.138998,-1.1183445
-8.060551,-2.063021
-8.365934,-0.34617203
20.945528,27.433928
-8.78007,-1.1963627
-9.008162,-0.30970448
25.614735,-6.5936255
-8.905942,-1.4811935
-6.3319683,-1.4907943
9.853793,13.642234
22.182331,-17.423687
15.609057,-10.649519
-6.826431,-1.798785
16.066084,23.933182
-8.193639,-0.65347165
-8.038094,-0.7567984
-7.5392966,-0.36191562
-6.5889435,0.5456227
-8.14931,-0.62316906
13.179848,-3.3755524
-6.18567,-0.271418
-6.223621,-1.2391759
-9.672961,-1.8974226
-7.8569984,-0.34970537
-7.494173,-0.46566787
-6.189018,0.018944398
18.6382,-12.4203615
30.147964,-17.154669
-6.9162273,-0.18553694
-7.70809,-1.1456697
7.2514563,14.905058
-6.891013,-1.0179409
-6.0653114,-0.5505732
-7.404093,-0.36374137
-3.5582895,-0.29800406
18.990269,-9.817182
-8.993745,-0.5383202
-8.524438,-1.0746729
-1.9785273,-0.3564543
-1.029012,-1.0549366
-8.35669,-0.74139893
-10.236673,-1.0435643
-8.569156,-1.1064938
-8.654929,-0.59673756
-6.5268936,-0.9916236
-8.623726,-0.7351704
-8.897597,-1.4045361
-8.45912,-0.84957755
-6.1264834,-1.2216424
26.912863,-20.458826
-5.8214326,-1.5718174
-8.7422495,-0.99859947
-8.071354,-0.78825337
-5.477162,-0.66896564
-8.728683,-1.0327841
-8.583102,-0.44929928
12.411754,19.978727
-9.381648,-0.99557394
24.669691,-18.881008
-7.5412264,-1.2674716
7.7892914,6.3484464
-8.698795,-1.3896815
-8.321769,-0.40180677
24.181435,-14.994626
-8.580517,-0.88443804
-8.855868,-2.1628735
-9.3418045,-0.90367854
-8.87169,-0.9197781
-8.302945,-0.82789725
-8.841404,-1.2642441
-8.017904,-0.8318178
11.670168,6.936345
-5.7181973,-1.0642966
-8.766529,-1.2826536
-8.96213,-0.7913188
-7.3205,-0.48992097
-7.8167634,-0.64010876
10.548229,12.273927
-9.062121,-0.6250006
-9.007589,-1.2083253
-8.068619,-0.512373
-8.626789,-0.58421963
-6.508646,-1.2448062
6.238226,9.414077
6.8549128,9.033127
-5.8592844,-1.1514269
-7.865838,-0.8038383
-9.845849,-1.6546438
-7.868725,-0.94952476
-8.388543,-0.95783174
-6.48925,-0.91704357
14.317657,14.767289
-7.2285166,-0.99171937
-8.607431,-0.34112927
-8.968634,-1.3242961
-8.24527,-1.2283084
-8.668271,-1.0305175
-5.8901925,0.25347304
-7.717362,-0.70968825
13.541773,6.953703
-8.428574,-1.0493102
-6.2803645,-0.047144078
-8.791079,-0.09992121
-7.4394174,-0.72035813
-5.5508747,-0.14459875
-8.22814,-0.93986917
25.63947,-14.073018
-9.850609,-1.9332676
-8.260215,-0.7199177
-7.144934,-0.43374944
9.499256,6.5576687
-8.039356,-0.712408
27.816086,-22.401686
-7.782214,0.05561845
-8.459443,-1.3521271
18.093555,-12.217228
-8.435218,-0.59997016
-8.360294,-1.7903277
-9.204105,-0.37846825
20.989258,-14.8648
-7.6622796,-0.73805314
-8.358699,-1.2384177
-5.5732255,-0.46911106
11.076433,13.617993
-3.0767555,0.3251443
27.031273,-17.648914
-2.6231477,-3.4221287
-9.646414,-1.1547687
-7.7714314,-0.48254892
-10.227358,-1.6189132
-4.2644835,-0.66410387
20.378363,-12.923169
-7.4547014,-0.75676924
-9.215593,-1.2331765
-7.7242427,-1.115919
21.351732,-13.973606
-9.587615,-1.0681766
29.61119,-19.28134
-8.590976,-0.6113332
16.42922,-12.517981
14.113245,14.779506
20.371468,-13.643015
17.471127,-13.194131
-8.435337,-0.9316213
-7.3775177,-0.57124114
-8.639477,-0.5223303
17.244522,11.166882
8.024862,8.102225
-8.084539,-0.5243668
-9.819145,-0.8273773
19.68976,-15.0674305
8.012559,10.667409
-7.684173,-0.46848702
-8.839836,-0.888667
8.6834955,11.805888
-8.521827,-0.45377645
-7.5908628,-0.33646503
-8.734373,-0.9998079
22.57632,2.2539656
-5.938503,-0.6188754
16.29984,20.560505
-7.7656145,-1.7974833
-6.1615095,-1.4637313
-8.968909,-1.4554561
-7.750296,-0.95212835
-7.892012,-1.2116696
-7.424892,-0.573583
-8.010399,-1.4165397
-8.514038,-0.58746135
-8.285764,-1.3018447
-8.787981,-1.8721011
-7.9655533,-1.1859386
14.731637,17.883986
9.956656,12.267531
25.695078,-4.0284495
-6.829032,-0.32455054
-8.868975,-1.3760934
2.7286918,12.819295
-9.27057,-1.2489896
25.246864,-17.405836
-8.969932,-0.5933881
-9.68884,-1.8165902
-8.643045,-1.9662225
-7.991865,-1.2518158
-8.767345,-1.2388602
-8.956815,-1.595402
-7.247246,-0.5656677
-3.3733447,0.4166799
-7.1904416,-1.2898985
-7.444463,-0.16875264
-8.830009,-0.4087738
-8.769912,-0.4593876
-7.657911,-1.8245239
-8.522841,-1.0941898
-7.4471035,-1.2844118
-5.204242,-0.8468459
-9.372145,-0.6975466
11.230304,13.911155
-6.8023477,-0.06501036
-9.060956,-1.0000712
-5.839958,-1.2768222
-8.315999,-0.6931249
-9.149864,-1.0633929
-10.6629505,-1.2769749
18.351437,-13.9079075
5.249107,6.508404
-8.931717,-1.0428519
-10.2445135,-0.8656528
-8.551936,-0.94049007
14.165783,18.835224
14.188848,15.845881
-7.616941,-0.7789139
-7.7478533,-0.3832527
-9.16962,-1.1294177
12.304715,14.377132
19.031195,-12.80216
-9.314655,-1.039073
20.31886,-16.087517
-8.806966,-1.0179037
21.206081,34.451473
-7.2380724,-0.76504004
-10.032212,-1.2912283
-7.831504,-1.171381
-8.320491,-1.335346
-9.194623,-0.6909339
-6.1200967,-0.43014914
6.704155,9.132095
-8.139948,-0.7931738
-9.697921,-1.3466059
15.097084,5.0028033
-8.636134,-0.5520391
6.115624,13.25979
-8.45833,-0.9405199
-7.3138223,-0.5097898
24.531141,29.892157
-9.163057,-1.2712829
-7.901646,-1.3306578
-8.166626,-0.7652727
-10.55397,-1.689332
-6.36339,-0.6901923
-8.30065,-1.5770329
-7.869109,-0.58292204
-8.624609,-0.7153192
-7.215579,-0.5990581
-8.432906,-1.213611
14.679915,20.405237
8.63656,9.730302
13.794101,-7.20225
-7.6577044,-0.70153373
-8.939553,-1.4734241
-7.36229,-1.0536008
-6.9482703,-0.2465906
22.594925,-13.412211
-5.7205987,-0.71764296
-8.085301,-1.468422
23.065798,11.099822
-7.996198,-0.8894503
-7.462665,-0.7499552
-9.565512,-0.7913347
23.332787,-17.425928
-7.749348,-0.7168722
-8.747714,-0.34026372
23.153471,34.479588
-8.465342,-1.084634
-7.650418,-2.7793665
17.306374,-6.690021
-7.2539034,-0.64271706
-7.1505017,-1.5214232
-11.128861,-1.5234042
-8.92141,-0.6726987
21.044342,24.55069
-5.787747,-1.8664491
-8.363502,-0.912706
20.255978,3.021541
-7.8838744,-0.548769
0.7255037,-4.469869
5.8173947,9.418857
-8.983798,-0.94991046
-8.051709,-0.73109025
24.428432,-18.310076
-5.2168584,-0.24757694
-8.497626,-1.148314
-7.0144753,-0.80525523
17.55568,-11.293048
-8.213447,-0.14326975
-9.224115,-0.64036256
-7.525068,-0.3389596
-7.0738854,-1.52957
19.451313,-10.579365
-9.723867,-1.5902122
26.020851,-12.295521
-0.60342973,-0.81226844
-8.46105,-1.1643003
-4.309434,-0.058581445
-9.2078705,-1.0386698
-9.83562,-1.2766733
17.793839,-9.933352
-8.150932,-1.2682986
21.111784,-18.149712
-8.231569,-0.47943345
20.585144,23.925201
20.67059,-12.105148
8.612154,8.05185
-8.939442,-0.4021077
-9.554255,-1.2107561
-10.294366,-1.7464002
-8.918591,-1.1659068
16.287313,-11.277365
-7.6330543,-1.089747
-9.087362,-0.8720945
-10.311099,-1.3959161
5.451443,9.674977
-8.16493,-0.19135404
-9.485308,-2.190914
-8.176587,-1.2065258
18.310783,20.52874
-8.274585,-0.4204786
3.9884913,3.035253
-5.873865,-0.13030818
-7.268628,0.349455
14.552195,2.5866094
-7.8237534,-1.212234
-7.0006976,-0.6126679
24.188156,35.21196
-9.447832,-1.1023815
-8.273262,0.5327618
-5.7453513,-0.898208
-8.4166975,-1.0204223
-7.830205,-1.8030224
-4.794817,0.10824973
-9.385309,-1.1933321
22.125612,31.963617
-8.13471,-1.0288516
15.10561,19.730639
-10.132974,-0.803594
24.656761,-10.163567
-8.808673,-0.6904452
6.4508166,8.987323
-7.2346644,-0.7142895
22.040195,-14.860535
-6.8011045,-1.327974
-6.29745,-0.7156394
-8.922886,-1.145138
-8.052045,-0.70520824
-6.3180566,-1.7944928
27.394255,34.93774
-5.890202,-1.951751
-8.661643,-0.94731975
-5.378419,-1.5630982
11.525573,15.145282
-8.187814,-1.287315
-9.543352,-1.0975773
19.31165,19.47894
9.588249,11.849933
-7.2990456,-0.59370565
6.6518517,10.528176
11.609022,14.430586
-7.429111,-0.9562259
16.646358,20.857943
-4.3409357,-1.8267194
-6.001016,-0.046938043
-7.317596,-1.9591948
-7.4378,-1.0423362
-5.8826723,-1.1821679
-6.6097865,-0.28400078
8.289852,8.246929
-9.257418,-1.5703424
-8.570308,-1.8182067
12.831839,17.06338
-9.502877,-1.2962735
-8.036123,-0.755791
-9.546585,-1.6735765
23.493061,31.753206
-5.4631424,-1.5339476
-7.754258,-1.3045084
-6.1830797,-0.9505466
29.970173,-14.36449
-4.099521,-4.023054
11.745662,13.491804
19.411572,25.719305
-7.9843626,-1.1476926
30.576384,-19.552048
18.925823,-11.582124
-8.819724,-1.1627952
-2.3655558,1.246347
-7.687597,-0.6165927
7.6463614,7.678342
13.560266,12.762201
30.93549,-7.2611713
22.104843,-14.440886
-8.931936,-1.0190874
32.257904,-4.337733
14.525227,-10.812412
23.932747,13.179031
-8.244373,-1.0459834
-7.985272,-1.0143634
-8.416968,-0.30678672
-8.097711,-0.63372284
-8.312119,-1.2317375
-8.36774,-1.3168788
18.683798,21.018442
10.399785,12.814997
23.246784,5.3338013
-8.377653,-0.8412248
24.919422,-3.6519735
-8.524841,-1.120049
-9.215212,-1.1023055
21.477472,14.700612
26.744421,-8.286102
8.332896,10.404123
10.415714,-6.4799495
20.382162,29.720036
-9.397193,-1.455986
-8.289831,-0.8239256
-4.8863206,-1.1888419
-6.7210636,-1.9809936
-7.5252843,-0.41274235
-8.7876005,-0.6033442
-9.386933,-1.5221298
-8.210039,-0.85204375
-6.9918423,-1.3557693
-6.8212695,-0.7436317
17.740507,25.898775
-5.683518,-0.9754812
20.522049,28.479523
-8.177472,-0.7621267
-9.259229,-1.1443542
-7.6776505,-1.346596
-9.535712,-1.910495
-7.6667852,-1.1334145
-9.7348585,-1.3574711
-7.4551635,-0.2364165
12.769939,17.44726
-7.6385784,-1.846719
13.4431925,3.7725794
26.916653,-11.362541
-6.1349587,-1.1091604
-7.661132,0.035713077
-7.816129,-0.38279685
-7.056547,-1.5585537
-7.068284,-0.8834802
-8.548461,-0.52305424
20.612158,-16.500385
-8.670358,-1.7301754
-8.698645,-0.8437287
-8.532311,-1.2394438
13.548036,16.359829
19.46802,-7.4463797
-7.0047436,-0.14361325
18.573252,-12.731889
-9.136186,-0.9615324
-8.102982,-1.1226207
-8.503368,-1.1096042
-7.187082,-1.2028869
-7.281678,-0.53567624
-7.7069564,-1.4097279
9.896744,7.273218
-8.892341,-0.6270979
-7.403225,-0.26619318
-6.1071663,-0.589932
-8.776571,-1.0700808
-9.097567,-0.9184767
-8.374035,-0.5780331
19.288256,-13.412966
-9.813129,-1.4375613
-8.673817,-1.090964
16.235733,17.900959
-8.703022,-1.1538749
24.345829,-17.36142
11.440523,-7.4081798
9.723447,11.6953335
-8.615529,-0.527716
-8.186874,-0.88794094
-9.7539425,-1.0129615
20.375113,-5.3611813
12.341178,14.546392
-7.5230756,-1.7080605
23.983976,4.853049
43.17374,-20.481604
28.23461,-14.38833
4.244454,4.1905375
-7.5772963,-0.6631918
-9.3006115,-0.8156041
-8.37297,-1.2693325
15.894886,12.435496
-10.092528,-0.6769883
19.575787,-11.695481
-9.115664,-0.67477375
-6.641654,-1.199458
-3.7162824,-2.409044
-8.722011,-0.44735566
-3.3333304,0.4474429
-8.559014,-0.79424536
-9.27058,-1.804017
-10.9914875,-1.1434375
17.59517,-13.096809
16.674112,17.148897
-7.7498507,-1.5265886
-7.626028,-0.5415021
-6.3289094,-0.732429
10.335905,13.093387
-8.319739,-0.94397306
-7.3314557,-0.99215686
-8.315771,-1.0381517
25.289545,-19.251293
-7.8166356,-0.22683772
-8.47746,-1.0076329
-8.247766,-1.3897218
34.64934,-23.92944
20.934422,30.662773
18.42206,-14.454989
-8.749057,-0.5994025
24.519098,-16.682665
-8.154256,-0.45630527
-9.263892,-1.1730742
-6.882748,-0.98065466
-7.992695,-0.9103002
-9.70094,-1.5293665
-9.017068,-1.1095122
12.013543,12.752952
-7.4192576,-0.6433169
-6.9432864,-1.386691
-7.01247,-0.5487986
-9.388167,-1.1099503
12.972347,15.198154
-8.305263,-0.73927325
-9.243008,-0.78694737
-7.1072907,-1.1224729
-5.823885,-0.5968604
-7.907764,-1.0325549
-7.6340947,-0.89521897
-6.1400948,-1.0421283
30.61713,-16.338121
-7.849828,-0.92393297
-6.2540545,-0.4550061
-8.21019,-0.9784891
-9.076524,-0.77885604
-8.641879,-1.1852759
-8.481397,-0.33981988
22.468935,-18.494873
-8.984575,-0.59786075
-8.961843,-1.0889455
6.349943,-9.324307
-8.820303,-0.88848376
24.048193,-4.1405354
32.710945,-15.140677
24.8847,33.732
-9.087012,-1.0025264
-9.5182085,-0.4214768
-8.285189,-1.5286816
-8.582907,-0.89365816
7.2598853,10.479997
-4.0109377,-0.912935
-7.8822417,-1.111857
-8.808505,-1.1085469
-8.985343,-1.1284046
-7.184081,-0.80904984
-3.076948,0.8426841
-8.4617195,-0.7305104
11.239895,17.41626
-9.380471,-1.2540362
9.993755,13.0309515
-9.047298,-0.39666814
-10.496592,-1.6169086
15.691593,18.160673
12.445927,9.991763
-7.3903775,0.15710643
12.353559,16.056665
8.658815,8.890652
-9.839313,-0.84902126
9.134228,6.362254
-9.376342,-0.6711328
27.687511,-18.211348
-6.9973884,-0.02949182
-9.014521,-1.5041755
-8.379321,-0.81410193
26.099985,-17.740492
-4.067372,-0.36796954
-9.207536,-0.9543895
23.528282,-15.332514
-9.752267,-0.89450073
-7.862116,-0.39273304
7.926616,15.308532
-8.430263,-1.2180575
-9.360296,-0.8003282
28.937216,-24.115534
15.9950695,-10.418684
-9.034158,-0.911321
9.504683,8.383221
-7.615895,-0.47552976
-9.281371,-0.89304626
-7.516603,-0.68413925
-8.283514,-1.329002
-7.968971,-0.76525694
-6.5983763,-0.9128841
-8.638502,-1.4254874
-9.082153,-0.7364775
-8.619882,-1.3752766
-8.454516,-1.1512967
-7.4969997,-0.49918482
-5.9829526,-0.99401855
23.054548,-15.380594
-9.651208,-1.3020025
-4.4570775,-0.18891217
-7.1654935,-0.21352784
15.596288,10.235446
-7.3405585,-1.0324597
-8.333982,-0.785984
-7.3003225,-0.6039755
-7.737183,-0.632598
25.553648,-17.597614
16.261084,-12.206994
22.3424,-19.916468
11.26225,12.818271
-8.815025,-1.6001948
28.938543,-19.071156
10.558321,13.403888
-8.553457,-0.8873604
-8.241312,-0.104500204
11.248971,12.805665
-8.341919,-0.7839472
-9.217205,-1.118436
26.497768,-19.124603
-2.6851294,-0.7864977
-8.43509,-1.0123448
-7.2826786,-0.28664032
-8.028715,-0.909549
-7.0908113,-0.48215184
-8.441945,-1.201312
-8.323254,-0.8794465
-8.214848,-1.6643482
17.957514,-13.225203
-7.283022,-0.88676524
-8.145839,-1.6455591
-9.278808,-0.90939575
-7.5244126,-0.70458144
10.171992,-6.333861
-9.024039,-1.1179261
-8.907742,-1.6458522
-5.304317,-1.1920887
-8.340046,-1.6864101
-5.5740175,0.67340773
-9.150599,-0.9326805
-7.8903804,-1.3602817
28.781803,1.5399536
-10.004223,-1.5965482
-9.45284,-0.8098452
-8.900827,-0.71946675
10.7252245,11.139905
20.562662,-15.868277
-5.8212667,-0.6730416
-8.671956,-1.8626144
-7.2032466,-0.7073609
-9.071145,-1.2748427
-8.096923,-1.3458346
24.579233,-16.161766
21.08099,25.95237
-10.6412325,-2.1812868
-8.204451,-0.769278
-4.5512786,0.023052732
26.934353,-20.070614
7.2963223,7.8077974
-9.469119,-0.8555134
-8.125923,-0.7463716
25.9241,33.227543
-8.407291,-0.31177223
-8.782334,-1.585801
22.2055,32.480896
-8.279165,-0.89701355
-7.213456,-1.1068021
23.832363,31.196507
-8.057466,-0.85882616
13.204121,14.202875
23.511501,-14.079518
-8.0883045,-0.34703285
-8.014001,-1.5609472
-10.022104,-1.1868458
34.69577,-13.604831
-9.307667,-0.5296384
-9.278364,-0.857612
-9.440554,-1.3252039
-7.6962743,-0.8759485
-9.908542,-1.4360644
23.967747,-18.092802
-9.94973,-0.9016442
10.461565,-5.9282026
-8.466104,-1.0707774
-8.862478,-1.0381025
-4.2967086,1.2851279
-8.579664,-1.1480066
6.2113543,8.7749
-4.9743433,-0.89289284
-6.7256913,-0.58540595
8.352267,9.3974695
-8.169275,-0.64480776
-2.472292,-1.5578262
-8.910063,-0.9712906
-7.298089,-0.36805218
-8.810551,-0.9456982
-9.665322,-1.4489173
-7.7974224,-1.8053172
18.208076,-13.763403
-9.362039,-1.4714794
-8.799237,-1.9390227
-8.767087,-1.1103461
-9.098463,-1.306343
27.501822,-18.414568
-8.883612,-0.5603176
-7.7452836,-0.81897795
-8.599826,-0.642195
-8.632416,-1.4806448
-6.0671926,-0.9085923
-10.0593815,-1.0409647
11.376867,12.659082
-7.4524274,-0.25951287
-9.022964,-0.71577024
14.731894,1.4393175
-6.365517,-0.93587846
-8.421678,-0.5278438
-6.184034,-0.74704444
-8.985066,-1.0960743
21.9924,32.60108
15.637796,-12.165328
-9.650104,-1.3877245
-6.4099884,-1.9169284
-3.549721,0.89002943
-9.364068,-0.8207777
-8.390344,-1.1304761
-8.334764,-1.0062512
3.3280501,7.6823688
-7.067253,-0.06686694
10.273026,6.3247337
-10.197174,-1.1792427
-4.858509,-0.07674187
-9.472477,-1.1568664
22.49419,-14.736138
15.908274,10.305488
-9.761816,-1.6844214
-8.915158,-1.1014355
-6.8785467,-1.5786127
22.319302,-15.426377
-7.801637,-1.6281081
-10.883096,-1.704247
-8.810143,-0.91585904
-8.583851,-0.84767
-8.340202,-1.2234344
-8.914364,-1.340317
25.564474,-13.382694
14.264433,-12.051516
32.740654,-10.3901005
-7.478375,-0.58655846
29.883251,-24.743784
28.265448,-6.72965
-7.4087844,-0.68013084
-6.422369,-1.9981209
-7.449815,-1.6814059
-9.653113,-0.80088866
15.053313,-1.7226917
-5.768637,-1.8348094
-8.358248,-0.31400412
-5.6774836,-1.360978
-4.387857,-0.98297095
-7.8264604,-0.88851213
27.267832,-20.105528
-7.2983108,-1.7742671
-8.180579,-0.66478574
-4.6883154,0.14894521
-7.7206154,-0.73559487
26.263165,-16.894093
9.63481,11.378469
-8.118867,-2.069504
-8.692092,-0.82825863
22.350595,-11.047516
21.138351,-16.52392
-7.9198112,-1.0350975
12.960085,9.192047
-8.590069,-1.7773302
-8.539529,-1.5320791
-7.6370535,-0.353261
12.791646,15.438648
25.03373,-16.690935
-8.246247,-0.71744734
9.938754,7.9925404
29.045435,-20.778688
22.306946,-16.168468
-8.737795,-2.3170855
25.61116,-10.667919
17.368988,-11.705209
-8.555874,-0.9587921
12.503144,-8.101135
-7.4056334,-0.6150854
-8.858842,-1.2349697
-8.369812,-0.23428918
13.662487,15.267735
35.267654,-14.076812
-7.3548317,-0.5598793
-7.6280503,-0.9110669
-7.819015,0.022964451
-7.0531096,-0.0008090962
15.2948475,16.660486
-8.330687,-0.86573744
29.212458,-22.880386
-8.504541,-1.1425
-9.867947,-0.9726548
17.98356,25.348602
-8.818873,-0.92087823
-7.4286838,-0.60710806
-9.418788,-1.1440297
-9.16937,-0.9200563
25.249065,-17.469233
23.914248,-15.858345
25.361294,-18.25529
17.261503,22.41382
-8.682875,-1.4945251
3.9775548,4.228474
-9.033302,-1.0630528
25.46402,-20.708288
-8.027231,-1.0963008
-8.099342,0.07443833
9.529003,13.249681
19.717777,-16.695063
-8.455566,-0.6482616
35.076805,-14.930132
-8.652004,-1.023044
-7.776459,-0.4789147
-7.7283278,-2.4305766
-9.5355425,-0.87569827
-8.8716755,-1.2049781
-8.806044,-0.96635234
-8.386997,-0.43711522
-7.0634427,-0.36178267
-7.020568,-0.698174
-7.3860245,-1.0237334
-8.933952,-1.0260757
-7.1970983,-0.69832873
-8.458994,-0.9823123
-9.671785,-1.762527
-8.902752,-0.5570812
9.315425,11.340095
-9.87103,-0.4490416
18.718538,-13.726978
19.717213,-13.633794
-8.7828045,-0.6492991
-9.443932,-0.97450566
-9.340408,-1.3104075
0.24782386,5.5235147
33.2377,-18.739431
-8.026268,-0.8853398
-8.087544,-0.37773824
12.508193,16.085411
-8.803081,-0.9353688
-8.533971,-1.4664735
-7.0714364,-0.37351945
-5.838195,-0.39436057
-5.909607,-0.7481726
-8.933363,-1.1337076
12.268115,14.492623
-9.80099,-1.7081904
-8.619764,-0.11927178
20.965132,27.286337
31.975092,-25.647173
-8.348122,-0.7269434
-8.116758,-0.31075862
-9.106674,-0.8761008
-10.309383,-1.4507251
-8.805281,-1.5297337
-9.0323105,-1.1211765
36.36969,-25.297323
-8.487941,-0.67894894
25.64024,-18.95693
-7.1779256,-0.5965651
-9.542197,-1.3872638
-8.231778,-0.95013154
-7.653892,-0.8452501
18.057749,-12.912695
29.363039,-14.432599
-7.338625,-0.5462721
12.372335,13.134083
-7.6926966,-0.7049326
5.295443,-8.3173
17.933104,11.695069
-8.662472,-0.6654142
11.2794695,11.905141
-8.492131,-1.4327462
-5.9639707,-0.98574203
-7.0672684,-1.6009129
-6.5828104,-0.6039802
-6.997937,-0.70155865
-8.762924,-1.1065195
-6.0740285,-0.028738663
-7.2311187,-1.9830269
-9.252671,-1.3838589
-9.240192,-1.2277774
18.652721,28.45589
-6.346823,-0.48869035
-8.447232,-0.07607793
-6.6803126,-1.8688374
-8.149386,-0.7779386
24.393026,11.277127
20.54269,4.039425
-7.262721,-0.53962296
-6.830723,-0.4822036
-7.5625086,-1.1214453
12.928588,14.302966
-8.652168,-1.0142852
11.8827915,-15.202839
-6.050009,-0.702571
-6.4995937,-0.28961307
-9.322958,-1.2235799
-7.4493785,-0.1791612
-7.5371757,-1.8706962
-9.543886,-1.4564307
-8.559548,-1.1351309
23.691353,-10.820607
18.283897,-13.417475
9.83688,10.081912
-8.444858,-1.5922495
-8.654388,-0.85084105
-8.2272415,-0.96066433
20.37996,34.062233
-8.579318,-0.4763214
-8.10272,-1.0524703
-8.8832855,-0.97397673
10.5046215,12.094693
25.213556,-18.131699
-2.567844,4.8088775
15.052094,18.820026
-10.062112,-1.0644109
26.810469,-19.922083
-0.46162218,-5.1185446
-9.51856,-0.9474724
-9.5948105,-1.4773068
26.203346,-20.057953
32.74669,-11.309719
-8.608762,-1.1725765
-9.261887,-0.8615062
-9.275894,-0.8794306
-7.2621107,-1.3611754
-7.7009606,-1.5321581
-8.972916,-0.27613324
24.328657,31.436413
30.097069,-12.593553
-8.97968,-0.8481905
-8.727175,-0.7654133
-8.713498,-1.4770889
-8.685015,-1.1982648
-8.4369545,-0.8395168
-6.6654058,-0.7080671
-9.219133,-1.4974205
-9.314994,-1.2925867
-8.660582,-0.74021643
-6.9527526,-0.74985296
34.099564,-23.968092
-8.591168,-0.7053285
-9.2259655,-1.1969852
12.370119,3.295763
-8.81675,-0.959781
18.692125,23.243782
-2.4959152,-1.134341
-9.188193,-1.2323934
-9.597597,-1.4283974
-5.149834,-2.369618
-7.729756,-0.77343875
-9.029838,-1.0413146
24.98976,-3.832441
-8.2368355,-0.9947583
-5.639586,-0.9718131
-8.3047695,-0.97433805
-9.089092,-1.7880259
7.331833,10.252527
16.14508,17.80379
-8.461768,-1.8410287
-9.386589,-0.25986066
-7.3012424,-1.3191756
-7.8833647,-0.5668659
28.384787,-20.445839
16.271599,-10.564081
-8.341721,-1.3612785
-9.341795,-1.4279029
-7.4057117,-0.47371534
-8.419109,-0.60811245
20.758314,-7.3130045
16.263414,18.77865
-8.417045,-0.81877124
14.607889,13.898062
-7.933248,-0.8572017
16.234636,-11.183396
-8.216165,-1.1959226
-8.984813,-1.145706
-8.813804,-0.92719835
-9.166491,-0.6553874
-7.062619,-1.6320105
-7.3001266,-1.345486
-6.463478,-0.41989654
12.2389345,15.909624
-6.2010922,-0.16838622
-8.63229,-1.2039227
-4.6425247,0.14420532
-6.21969,-1.4472647
21.557686,-14.167123
-8.798655,-0.97255236
-9.816173,-1.6756173
24.610176,-17.337082
-9.354616,-0.8529844
20.532106,-12.194856
-8.849683,-1.2337706
33.908226,-26.362173
37.325283,-26.577763
7.6433616,3.5313885
8.470209,6.205642
21.12185,-12.776975
-6.9706507,-0.4127357
-9.152539,-2.199892
-8.678112,-1.7822037
-7.5084076,-1.1580733
25.397406,-15.437726
20.071486,23.304752
-7.5353384,-0.82589495
-7.831124,-0.67780346
-7.969428,-0.589468
-8.04968,-0.2664471
14.269918,15.733305
25.935345,-15.873147
-8.014626,-1.0453461
-9.94204,-1.2836547
-8.869164,-0.06604067
-9.291136,-0.9926211
-7.847949,-1.0242617
-8.472596,-1.0532631
14.54483,21.05886
-9.9557495,-1.1342473
-8.510358,-0.74615955
-8.654582,-1.0784905
-7.7073445,-0.32390094
18.570032,-15.4871645
-7.6569567,-0.6815371
26.554316,29.422014
19.33661,-8.649926
-10.210875,-2.2756722
37.7641,-20.85731
3.7783601,-8.891126
7.407678,8.495943
14.186629,-8.834897
33.171467,-14.003092
-8.023177,-1.5350062
33.492653,-9.685898
-4.757819,-0.76844585
-7.7159953,-0.5848428
-8.914966,-0.28078097
-8.987103,-0.49865368
-8.559112,-0.94254136
-7.4260426,-0.86954474
-6.988989,-0.9575596
-8.8074,-0.5076709
22.127808,26.013533
-8.438763,-1.0995051
9.3894615,-11.660125
5.768408,7.871639
11.051083,13.121233
-8.018367,-1.7478092
12.934361,16.762722
-9.601943,-1.593253
-8.081268,-0.49340808
-7.9000793,0.062832125
-8.459044,-1.1401471
-6.3779387,-0.299729
-8.160026,-1.1197968
3.4240904,3.2127247
7.504087,-12.03285
8.582795,11.108747
-6.213103,-0.32237068
-3.9950218,-2.2489614
-8.287073,-1.125016
-9.414055,-1.2438575
-9.615099,-1.1684588
34.070446,-24.973114
15.88019,-13.790535
24.691021,-16.263386
-9.903593,-1.5001367
21.784441,23.017374
-7.762014,-1.2953545
17.079163,19.328585
-9.108652,-0.9590815
-6.9281483,-0.5217369
-7.544995,-0.43040293
-7.327014,-0.67318314
25.543982,-20.799313
-7.766316,-0.7523851
15.006232,22.465504
-7.5866423,-1.1341043
-6.1950064,-0.30989626
-8.543695,-0.5416792
-9.139017,-0.44435912
-7.726425,-0.9749006
-8.173486,-0.57405645
-8.692888,-0.97801185
-8.011325,-0.9858834
7.8419495,8.431272
-7.9599476,-0.80287755
-7.38834,-1.6980805
-9.162336,-0.43481815
-7.6321015,-0.96804464
23.498985,-13.159252
14.924338,9.199228
-7.2330947,0.120873556
19.830187,-11.5126705
16.592031,-10.585465
-9.451757,-1.0794652
-8.042516,-1.2460724
-8.953478,-1.3789091
-6.231019,-0.90309954
13.111725,14.475267
-8.904838,-0.5399317
-5.4360833,-0.12290967
22.3327,13.557976
-8.794904,-1.7699686
9.723639,10.661591
-9.794596,-1.2170559
25.475622,-19.305351
35.19984,-25.515059
-9.492617,-1.4046702
13.083146,6.997628
-8.832657,-1.349651
19.05555,3.810903
-7.478976,-0.8062081
27.422106,44.380814
-7.724695,-0.45996806
-8.796435,-1.1236647
-7.0263524,-1.0993487
13.577806,11.167824
-9.387859,-0.78442395
-9.754538,-1.3495791
-9.215506,-1.2489563
-7.77537,-0.6636304
-3.572429,1.1673796
-9.710331,-1.1688329
-6.737195,-1.5963436
-8.657531,-1.2187283
-8.942586,-1.0210218
-9.638672,-1.2659788
-7.4923973,-0.9835771
-8.770024,-0.80612606
10.36716,11.186045
-9.085563,-1.0237131
32.332924,-11.269025
-9.567256,-1.3908799
10.980122,16.973589
-9.554667,-1.8092126
12.954528,2.8169959
5.154215,10.7861
29.762869,22.6782
0.051178794,-5.895493
-7.9555902,-0.9884318
4.7725987,-8.02797
-7.1853247,-0.8814543
-7.046839,-0.6114892
-9.738829,-1.0951484
-3.015153,-0.39309475
-8.228237,-0.50384474
-9.833391,-0.9872605
9.533464,8.120513
-8.250886,-1.7523273
-7.7477193,0.12144032
-9.187923,-1.0867326
-8.367193,-0.33798394
-7.3175087,-0.98273206
-7.1615663,-0.6718747
-8.445036,-0.7368175
-7.3933015,-0.8107686
21.43525,-17.177668
-8.631407,-1.0150039
-8.728009,-0.88773865
-8.899113,-0.6776407
-8.268158,-0.6977932
-7.3752103,-0.4918592
15.372411,23.5563
-10.209569,-1.2534591
-9.20102,-1.1387436
-8.3092165,-0.376645
16.238626,23.342043
-7.8666816,-0.7786847
-8.3487425,-0.4225536
-5.9022107,-1.2231958
-6.8558745,-1.968095
-8.41679,-1.2787011
-6.6589217,-0.43903702
-9.022362,-1.146928
3.4246056,7.4354773
-8.991082,-1.1301305
-8.507631,-1.0771306
22.167725,-8.389687
17.168993,25.258009
-7.519217,-0.1079782
27.836401,-15.748452
-5.7019715,-0.99891955
-9.620057,-1.4743384
-9.902271,-1.612022
11.007313,12.413532
-3.2345967,3.6703942
-6.227199,-1.2360946
-8.122722,-0.43716887
-8.800582,-1.2297013
-7.6407223,0.0071473136
7.0517673,-5.7623024
-7.7113066,-0.8882191
22.383747,25.927675
-0.24096593,4.126175
-8.4545355,-0.57182235
-7.910633,-1.0578305
23.65033,27.276459
-8.689489,-1.1246488
-9.970745,-1.7288976
-7.7008657,-2.288097
-9.421493,-1.2878766
0.8572252,2.849674
-9.212054,-1.9400907
-7.4714093,-1.1508315
-8.812389,-0.45115504
-7.71891,-1.1603366
-7.116182,-0.88398963
-7.7409754,-0.41987592
17.236887,23.227213
-8.530929,-0.97370356
31.523441,-23.820341
-9.170793,-1.0405504
-8.837506,-0.97038454
-6.531715,-0.6406793
-9.326804,-0.49506682
36.08051,-23.578255
-7.121716,-1.0350113
25.266289,-17.607672
-7.4465733,-0.7094818
-6.0120535,-0.31909963
-6.424733,-2.6191144
-6.480585,-0.5687321
6.457706,9.3652115
11.06103,15.023794
15.710498,-10.896645
-8.4725485,-0.5438003
-4.372835,0.25088435
-8.418563,-0.8905942
-3.362847,-2.798374
-9.726575,-0.44417307
-7.09126,-0.6163099
-7.1397486,-0.9314556
-9.0562725,-0.3253582
16.153814,20.368038
-6.586135,-0.48555028
-8.197455,-0.97138834
-9.010985,-1.379767
-8.790265,-0.34548664
-8.415192,-0.7655797
-7.2518997,-0.4268921
33.456684,-24.265385
12.361214,13.482499
-8.696462,-0.7857291
-9.128779,-0.41419727
-9.161814,-0.51243174
-6.4015107,-0.93124133
24.447668,-18.570152
-8.449293,-0.46031338
-7.788567,-0.37523726
-8.184563,-1.2021787
26.807873,-19.668154
-8.934511,-0.7412256
-8.631854,-1.1962913
-7.201914,0.08106371
-9.111036,-0.80962
-7.9817886,-0.9547736
-9.881096,-1.3838209
-9.868814,-1.3301964
-7.853663,-0.4805009
-7.470241,-1.2334955
6.4574685,0.85701895
-8.631156,-0.3637335
-6.6127033,-0.45768926
-8.826758,-0.89548296
-8.088995,-0.91186994
12.149937,16.264757
24.94629,0.02151442
-7.9070487,-0.9257659
-9.249551,-0.37595478
-9.720971,-1.1983482
-8.958446,-0.96441215
-7.5050063,-0.28656876
-7.5514755,-0.75656575
-9.000376,-1.012609
26.815567,-15.922603
-9.494251,-0.908854
12.252515,14.631046
-7.6560817,-0.38456085
-8.331809,-1.1004872
-7.6152287,-0.7822647
-5.485661,-1.2132671
26.56113,-22.40892
-10.649068,-1.3802981
-7.6610837,-0.7210108
-8.955014,-1.936247
-8.0123625,-1.1854657
-6.909455,0.044303738
-5.734242,-1.0201876
-8.382228,-1.2172372
-9.090469,-0.5240547
-7.8392453,-0.98511845
15.354732,17.962011
-9.988861,-1.0502424
5.4024854,-8.654987
-8.959405,-1.0369611
-8.136468,-2.1083128
11.440402,13.117122
-7.129216,-0.7966324
-8.908468,-0.64463997
-9.33409,-0.9446753
25.926323,-18.708874
-7.511895,-0.39538613
35.14503,-27.028717
22.823359,-16.975805
-8.045321,-1.3281964
-7.385271,-0.7749727
20.927895,-15.342766
-7.2130275,-0.56019175
17.221655,18.714373
-8.591387,-0.8871143
-9.521597,-0.4850378
-9.326966,-0.56838906
-6.6589613,-0.52508855
-8.12326,-0.7318724
-9.521109,-1.359009
-8.499205,-0.27466217
-8.421579,-1.0141706
-7.98508,-0.079912506
-9.273443,-1.4650757
19.306818,26.717602
37.750874,-15.338374
-9.509167,-2.3217347
-8.472392,-0.38586023
-7.9246087,-0.7770926
-9.313147,-0.9858694
-9.9193535,-1.2787081
-10.277404,-1.1652468
-8.506226,-0.9821865
-7.4125686,-0.8281567
-6.532076,-0.7160374
-8.938031,-1.0320039
-8.5916195,-1.0317178
-7.5063114,-0.19448596
19.981756,26.104416
8.098897,6.843711
21.59891,26.797504
-7.6700563,-0.61390233
-8.970829,-1.4232764
-8.526009,-0.9685667
-5.4053965,0.4894795
22.295542,4.2689447
25.328922,30.324873
23.283209,-15.515258
-5.8687787,-1.1216661
13.645545,-7.1682415
-4.022302,-0.32403034
15.031146,18.719267
-9.469682,-1.1047109
-8.538933,-0.6499452
16.80023,22.670462
-8.765903,-0.90304524
-8.097402,-0.82918465
-9.875839,-2.1581864
-7.8177466,-0.07133592
-5.650734,-0.33242777
-8.533478,-0.56379426
-7.81056,-0.5383961
20.639399,-12.209484
-10.730537,-1.4248707
24.857328,-16.896034
-8.55631,-1.3291551
24.414103,19.115507
-8.670943,-0.8868933
32.508137,-22.400623
-8.131769,-1.0421417
-7.042466,-1.3672353
-9.168367,-1.4586872
-8.570042,-0.13376674
-8.765421,-0.9933257
-8.578737,-1.5061235
-9.284324,-0.8493918
-8.690843,-0.7384427
-8.226003,-0.748128
-9.335183,-1.0565075
-4.0008473,0.12263371
19.253277,-11.345627
-8.952696,-1.1314032
28.584988,-19.446012
-10.176995,-1.1468087
-8.906555,-0.9568029
-9.189332,-0.9216061
-8.733433,-0.78261304
12.015502,14.261269
-7.28129,-0.4592795
-8.980307,-0.9115358
-7.6789494,-0.3517678
21.01898,-15.018541
-9.151091,-1.2965093
28.446486,-22.273073
-5.7786794,-0.3423997
-4.488248,0.45502722
-8.579176,-0.25395516
-8.942647,-1.5095569
-9.2002125,-0.774187
-8.069584,-0.765816
-8.211174,-0.7638354
-4.7254725,-2.3511086
-8.525491,-1.4892112
-6.833169,-1.6099092
20.322836,-9.730911
20.436853,-11.030787
-8.5420475,-0.5964639
-8.202954,-2.1945283
10.34233,12.269005
-7.053132,-0.6512499
-6.505744,-1.0686069
21.736723,33.11903
-6.4632916,-0.93367594
10.885034,10.617611
-8.722182,-0.4148917
16.808884,12.774117
11.821958,16.414076
23.051275,26.398607
0.5451894,-2.493406
11.972649,16.70585
16.98277,19.531908
27.999638,34.408054
-8.566212,-0.8979559
-4.107211,-0.508392
-8.898329,-0.8587166
-8.010263,-1.1446611
-7.8649855,-1.290055
22.080645,26.93273
-8.090131,-1.1028253
-5.682388,-0.9622941
20.507883,-12.139707
-7.3316298,-0.72745764
-9.521984,-1.4712616
-9.97644,-1.1877062
-7.124823,-0.07518509
-9.527633,-0.8758662
-9.507776,-1.0016061
10.796252,15.397701
25.429142,-14.696354
-2.9334288,0.45650324
19.67149,10.193378
-7.9294443,-0.3561557
-7.410216,-0.86073357
11.225038,13.240627
-8.95639,-1.4306139
-7.2644567,-0.85668486
-9.898487,-1.1987545
-7.8937325,-0.8181676
-8.101091,-1.4906375
18.468544,-11.70396
-6.903458,-0.5762411
-6.909825,-0.591619
25.930805,-12.36312
-9.856477,-1.6866021
12.865492,13.299042
-7.643545,-0.23719959
-9.3575535,-1.0221586
-8.139327,-1.270033
-4.319186,0.11216675
18.384205,25.139338
-9.769531,-1.5474682
16.490078,22.365108
17.853579,24.533108
-7.4478126,-0.74883187
-9.059986,-1.0428329
-4.1702523,-0.25528532
12.345303,17.393213
-5.24055,-0.56627315
-8.455266,-0.88714725
-8.821562,-0.9378171
-8.501124,-0.841251
-8.852927,-0.7665848
-9.038725,-0.8664572
-7.6660953,-0.60918945
-4.4873395,-2.003147
-7.705917,-1.4473078
-10.046428,-1.0265746
14.254527,-9.634345
-4.6322436,0.72777677
-8.506382,-0.9130346
-9.505091,-1.4675997
-9.402161,-0.9903568
18.670488,-13.673003
-8.268517,-1.2780651
-9.052911,-1.2019078
-8.238735,-1.2605443
-6.5690527,-0.9102846
-9.140625,-1.2552536
-7.4010835,-0.93960726
-8.082952,-0.8236377
-8.977435,-0.76109636
30.468391,-14.610531
-8.788022,-1.2311187
8.255876,-7.5533004
-8.187907,-0.7325988
-10.004529,-0.54049516
-8.961267,-1.2376555
-8.703975,-0.5662698
-9.875096,-0.7858297
12.263901,15.159404
-8.27462,0.3315309
8.940657,8.715436
23.96806,-6.761089
22.268976,-16.795008
17.43748,-11.495193
-10.021534,-1.9646319
12.625628,-10.521253
11.656298,15.633093
8.075804,11.05141
18.465708,-13.322668
-8.288809,-1.6101124
-9.878655,-1.126705
-8.187008,-1.7301123
9.916569,12.793296
20.389776,4.4150167
-8.656585,-0.5377312
22.88044,19.835655
-8.663017,-0.27754307
-8.126238,-0.89734966
7.358515,10.550499
-8.819537,-1.3466417
-7.8673735,-1.6619141
-8.952237,-1.0079843
-9.27984,-1.0288343
-7.4257965,-0.4992134
22.16994,-15.582013
11.838831,8.480215
7.642787,10.976836
6.28726,2.2302165
-7.262843,-0.8896854
-9.244225,-1.5107989
-8.834402,-0.58056295
31.006956,-22.894516
24.735199,-12.180432
-9.083248,-0.92520905
16.39465,-8.199456
28.884995,-19.231533
-8.711267,-0.46604192
-4.54009,-0.42485547
-9.653425,-1.2681613
-8.919408,-0.98841655
33.413177,15.09064
-9.124876,-1.1850567
-7.941291,-0.6481499
-7.73486,-0.5426054
15.166311,20.963766
-7.281882,-0.7027162
-8.508107,-1.4201491
-8.41831,-1.3489965
-6.25241,-0.5238666
-9.758892,-1.310269
-6.412419,-0.84291047
-8.970645,-0.6312402
-6.10208,-1.6399348
-8.171139,-0.21074209
-8.1679535,-0.6805113
-7.8319416,-0.86732835
-9.023888,-0.42242134
-7.620406,-0.9057635
-9.092188,-1.8583093
20.982965,-1.4472077
-7.001135,-0.5806657
-7.176251,-0.7550573
-9.869892,-0.9923894
8.967931,-5.937815
-7.7561727,-1.3692797
-9.960882,-2.581347
19.767769,-14.410837
-2.378772,-1.9425579
-8.281999,-0.6353223
-7.45753,-0.71580046
29.387896,-21.45143
-8.4970255,-1.4349818
-7.579156,-0.37160298
-3.1694598,0.44910195
7.423524,8.354923
-8.922559,-0.9196805
-7.739045,-0.3957238
36.57226,-30.476452
-6.897181,-0.6374534
-5.947336,-1.3300314
8.703022,-7.768941
-8.462755,-0.98504645
-9.434168,-0.747474
17.98567,25.651316
-8.554897,-0.18902636
-7.3556986,-1.1803895
-8.361046,-0.5731917
-8.673848,-0.6594513
32.415913,-0.22683212
-8.804957,-1.1961502
-9.6177435,-1.4131914
-8.133336,-0.58760923
-4.6443124,-1.2426339
20.531162,4.6040893
27.840485,-13.762679
-8.903181,-0.8772299
-9.067871,-1.2848248
-5.660616,-1.4865597
-4.660163,-1.292539
3.394469,3.3275435
-8.689771,-1.0076557
-9.750129,-1.547412
-6.9897785,-0.532786
26.619755,-16.5332
-8.085098,-0.7741471
-8.603433,-0.88065666
-8.767502,-1.0868478
-8.524437,-1.610134
-8.829333,-1.1389387
23.425478,33.329838
19.186949,-9.656407
-7.5357776,-1.1813956
-8.681432,-1.7023345
-9.267113,-1.9402202
-6.883831,-0.06564906
-6.9182553,-0.2915896
-8.472453,-1.82519
-9.486564,-1.2894573
-5.1408153,-1.015403
-8.258808,-0.3701799
-8.084047,-1.2059045
-6.974216,-1.4264718
-8.357175,-0.96315664
17.920918,-14.565743
-2.8119254,-0.46939236
23.491444,17.879911
-9.368679,-1.1934205
-8.407395,-0.86203027
-8.616122,-0.7339428
-8.613785,-1.0385946
-7.8468046,-1.5800048
14.365246,17.556648
-8.666465,-1.1030186
-10.623674,-1.0766293
16.976,25.557611
-6.7651815,0.04426479
-6.7725506,-0.2988076
24.055696,32.118496
-8.729316,-1.290565
-7.87542,-0.09167061
-7.650317,-1.1751907
-7.302221,-0.97795296
-6.419844,-2.4238198
-8.034686,-2.0217364
-10.013174,-1.0703919
17.700392,17.341314
-8.642794,-1.095538
-6.0689535,-0.4591005
-7.5925097,-1.7102807
-10.844209,-2.2923064
-8.32883,-0.7394189
20.739883,-13.332147
-6.814114,-0.6631826
4.385292,-8.654485
21.982124,-17.100805
-8.993498,-1.8067958
24.191479,-17.72531
-7.9734845,-1.9028872
-7.7959523,-0.24388677
-9.046947,-0.6972743
-7.2984567,-1.4058347
7.1273127,8.600258
11.227659,11.78923
-6.2758226,-0.5176117
7.6108756,8.720709
-7.0579853,-1.6487029
21.73954,32.03666
12.1472025,20.068804
16.51594,22.011997
16.166168,2.6802082
-8.719935,-1.0280135
-8.924788,-0.49124426
-8.478577,-0.8192694
17.280388,-12.773911
16.48457,17.571117
-10.17169,-1.371126
18.686571,27.110958
-8.571696,-1.346696
-7.248299,-1.1612202
-3.6862466,-0.9227334
-2.4510257,-2.5658174
-8.049392,-0.4745828
-8.077916,-1.526381
11.414258,13.955797
-9.540421,-2.0222905
7.9495707,5.9710584
-7.9851203,-0.73404163
10.977162,11.742812
-9.172098,-1.0059041
-9.279804,-1.5463848
7.053491,8.982331
-9.469533,-1.2773595
-7.841893,-0.14711222
-8.386677,-1.0507493
-8.734651,-1.0377947
-10.955818,-1.8430952
-8.603679,-0.3152961
26.607357,34.27097
14.771727,17.282682
10.278907,11.518839
21.011347,-12.302264
-7.93266,-1.1873543
-8.673643,-0.09745698
26.34624,-19.569128
-8.617985,-0.7202964
16.398008,2.6647577
-8.566009,-1.4592502
24.44241,-16.79316
-9.816694,-2.499506
14.292031,-9.918787
-3.321477,0.37789586
-9.244325,-1.1982126
24.943176,-16.636543
16.290503,-11.828211
9.604418,10.24987
23.83235,-14.299063
-8.792416,-1.0888767
-7.867943,-0.80005
-8.927022,-0.6172286
-3.9943469,0.49708688
-8.142054,-1.4792653
17.68559,18.995487
-9.143398,-0.88807243
20.289776,31.442127
-8.804054,-0.84496427
32.206505,-24.855549
-8.464791,-0.9773129
-8.221623,-1.843492
5.9034476,8.014032
-8.543022,-0.8787013
27.962753,-10.769124
-9.637316,-1.1927643
-8.971973,-0.6208563
22.135454,32.624348
-8.62975,-1.0294821
8.31175,8.222427
-7.920094,-0.49161756
31.241316,-14.650886
-9.68671,-1.336294
-8.511329,-1.5081391
23.151522,-3.1502135
-9.034241,-1.3455201
21.994268,-13.73818
-7.867377,-1.4089214
-7.834386,0.37846074
15.357185,16.383505
12.262387,1.311948
-9.351869,-1.3011276
-8.411801,-1.0221769
-6.3044386,-0.38413838
32.73101,-23.445633
-10.710779,-1.5359144
26.89267,-21.442604
-10.549905,-1.3078576
-7.5600114,-0.9283062
-8.433135,-0.7073129
26.715559,-18.65263
-8.693982,-0.51664
-8.302972,-1.0161617
-3.9837651,0.106589094
9.629545,7.02215
19.833015,-13.7475195
10.658085,13.94673
-8.016728,-0.41219988
-6.859485,-0.9276611
15.412125,20.863272
-8.328848,-0.5731709
16.816885,-2.106076
-8.615745,-0.62091875
6.8550844,9.27573
11.2960615,12.704572
-8.710246,-1.134549
-9.858104,-2.4295125
13.457378,14.384218
27.990406,-13.030056
-8.0776205,-0.30186433
-9.664304,-0.791984
-9.335216,-0.47993156
24.612715,-20.375698
-8.325964,-0.7116877
-9.0573,-1.7701548
-8.1352415,-0.7832913
-8.662187,-1.7896192
-3.4262,0.97403085
6.3097973,13.807836
-8.143504,-1.0291286
-10.5576105,-0.9805062
-8.893617,0.044915132
-8.92142,-0.92482126
-7.151448,-0.026249245
37.532177,-16.493763
-8.743085,-1.009821
-9.600035,-1.4903289
-7.835573,-1.4157748
-9.925454,-0.96623397
-9.412087,-0.60183334
9.789833,16.986607
11.28256,14.244138
-4.59091,0.42976767
-8.549611,-0.11411032
8.814995,11.121022
-7.9094067,-0.7849879
-8.907175,-1.2864119
-7.0033584,-1.430423
-8.722185,-0.49192578
-8.82724,-0.7368597
-6.4851556,-0.3710553
-8.382261,-0.92833793
-7.6731772,-0.67541885
-10.060142,-2.4093235
-8.016095,-1.9154868
24.919044,-17.10024
-8.394363,-0.74760765
16.006529,-10.533111
-8.107745,-0.72719556
30.324972,-15.1873455
-8.50522,-1.4001324
-6.5338664,-1.3152194
-8.752629,-1.7645953
-4.4571533,-0.23594587
11.024721,-11.416283
-8.930776,-1.6052315
-6.7811112,1.8644875
-7.515639,-0.13049759
8.835465,9.716223
-8.991637,-0.42049727
-7.186284,-0.48648053
-8.560173,-0.80035996
-9.43941,-0.7351794
-5.264039,0.42558828
19.185528,-16.56073
-7.6815014,-1.0077126
-8.1576605,-1.0355535
-6.6360483,-1.3181701
-7.682878,-0.71855766
33.441936,-23.242933
-6.418814,-0.76804143
-7.140241,-1.7862403
-8.681784,-0.5798666
25.241014,-16.358181
12.115436,-6.873508
13.180782,20.51741
-5.568753,-1.0735172
-9.435337,-1.2177116
-7.788542,-1.176667
-8.633234,-1.0383188
-8.142788,-1.3395387
19.574848,26.47874
41.76247,-18.52151
-9.154089,-1.0045273
14.905268,15.329058
-8.041504,-0.55829775
23.524652,31.819788
-6.8639307,-1.6220901
27.447773,6.4697046
-5.784207,0.5239237
4.1667614,7.051646
21.889837,-13.437545
40.205307,-28.98678
-8.298783,-1.0934968
-7.418369,-1.4294224
14.514542,16.310781
-7.672441,-0.79271364
-5.1140933,-0.24423352
21.823484,21.154442
-9.734485,-0.6701185
-8.1590185,-1.1751288
-8.637758,-0.4878216
-9.512408,-1.5233922
-7.3602,-1.239591
-7.9604344,-0.46689942
-3.1546977,0.3788354
-7.5964174,-0.6474205
9.972615,15.283073
-8.886105,-1.7804013
-7.932769,-0.568718
11.862051,-10.524894
-6.134448,-0.31105152
6.163343,7.8161607
-7.044102,-1.1951199
-8.331406,-1.2961134
-8.799181,-0.6919435
-8.276624,-1.3762579
-8.409968,-0.9131664
-8.2950115,-0.21642001
-11.219104,-2.4100695
-6.0242395,-0.12573552
-7.8582973,-0.5424917
8.777754,12.185315
-9.169899,-0.8098473
-5.9217234,-0.5218038
-4.4791946,-0.38786015
-8.389012,-1.510381
22.957819,13.340968
27.023653,-20.431164
30.304585,25.770206
-7.667209,-0.8211246
-7.6210504,-1.0642109
-8.56894,-0.26732698
-8.398705,-0.80763084
20.087223,25.55181
-8.74631,-1.0267832
22.769215,4.7869077
16.252632,25.17268
11.582354,15.081198
-7.465062,-1.5245464
-8.52736,-1.0867187
-4.2328663,-0.50565404
16.599207,15.908242
-8.793231,-1.0806962
-8.586486,-0.694978
-5.904061,-1.0645995
-7.990392,-1.2175776
-8.289435,-0.8871278
-8.260764,-0.74066496
25.417387,-17.856192
-7.6181226,-0.70628744
-8.521078,-1.7298645
-7.726809,-1.5674362
17.190666,-11.392373
1.9904249,-6.3201394
-6.3966093,-1.0807106
16.330969,-10.433691
11.631581,12.23849
-9.0511,-0.8842776
17.948622,-12.193802
-8.112807,-1.4089729
10.572423,13.065228
14.233014,-5.704029
-8.526675,-1.2063278
27.523676,-20.316332
10.233278,-9.236409
-8.334787,-1.1616325
-8.6605215,-0.94759375
-7.197343,-0.54900354
-7.1711636,-0.78024757
-7.3051357,-2.5929842
-11.272903,-2.7060509
-7.46408,-1.3225447
11.514838,13.332447
-7.4721327,-1.2103268
9.064857,10.425071
-9.439664,-0.61408573
25.178295,11.194406
7.9252853,10.431293
-8.90903,-0.63212466
-8.771611,-0.17038651
21.542992,34.82769
-3.1406276,0.29003698
25.139187,-15.794763
-8.920145,-0.9343895
-6.652844,-1.5333042
21.506294,27.716501
-3.3208315,1.9837079
-8.268456,-0.86705273
-7.0517364,-0.9432728
-7.6377263,-0.19362108
-6.0317593,-0.01878684
-8.236584,-0.6481952
-7.961571,0.1087578
-9.038433,-1.1240175
-6.94447,-0.76513565
-9.293124,-1.6305463
-7.1915116,-0.8169572
13.97615,15.716789
-9.193202,-1.506651
-8.308407,-0.45083404
-9.19012,-1.9298517
-4.3324094,-1.3306592
-7.860775,-0.9122338
-8.6435,-1.2559192
24.631128,-18.63304
-7.8597703,-1.0502108
10.233277,9.594898
-8.3128395,-0.7019311
-8.172986,-0.78973824
-8.530676,-2.4070327
8.025275,10.691235
-8.101271,-1.2564664
-9.22314,-1.1454685
-6.945334,-0.66957414
-10.622583,-1.713907
-8.720051,-0.65008515
-9.6511135,-0.9380772
-8.095043,-0.8980975
-8.452185,-1.3597319
-8.344055,-0.92195475
-8.917972,-0.26199564
22.873735,35.848774
29.939373,-23.80098
-8.263237,-1.152644
-9.217026,-0.6613093
15.47376,15.9532585
-9.625293,-1.1191852
20.772085,28.391579
-8.025662,-2.3020346
-9.036797,-0.8818381
-6.8341413,-0.23445448
11.163954,7.6457314
-3.536242,2.7821538
17.922836,28.196447
-10.183824,-1.6283616
26.829388,-20.33322
-4.5207195,-1.3774421
-8.178711,-1.1259962
22.668966,-16.509264
15.248343,19.07874
-7.522401,-1.5867031
-8.220515,-0.9927271
-5.1531234,-1.05995
-0.12616554,0.69911563
-9.777642,-0.34765396
-9.00363,-0.9887131
-8.418216,-1.3771085
-8.518425,-1.5272083
-8.220155,-0.90167874
-7.474015,-0.52208805
-8.8794775,-0.8787605
3.7116315,5.534402
19.32433,-10.768562
-8.788178,-1.0615184
-7.649831,-0.5536499
-8.060349,-0.853845
-7.256344,-1.534328
-9.007528,-0.9665836
-9.916241,-1.6849521
-6.3786416,-1.8630246
-9.032958,-2.08348
-7.3142896,-0.53797543
-10.069,-1.6847821
-8.0856695,-0.79817885
17.161646,-11.454364
-10.113302,-1.2656248
-4.0241013,-1.2900077
-4.7716365,1.8715951
32.59996,22.878654
-9.19887,-1.0116786
-8.464919,-0.38819322
21.620028,2.1497636
-7.1229515,-0.1230293
-9.350345,-1.1536644
-4.58902,-1.5771135
-8.378071,-0.6685697
21.715015,29.137896
-1.3761175,-4.3119745
-9.142124,-1.5648609
-7.994967,-0.7795895
27.179247,37.623848
-8.113717,-0.82665277
-7.9703875,-0.92312086
21.029709,13.137596
20.247877,-12.941271
-8.016577,-0.9214495
19.955326,23.374475
9.920059,10.159375
11.318647,12.227655
-7.8859196,-0.90099317
-8.111234,-0.79406625
-6.261136,-0.14293635
7.452192,13.172912
-9.172865,-1.1155467
-9.312295,-1.3296634
-9.147796,-1.0475407
31.116768,42.86141
-6.4652348,-0.77261853
10.975116,12.856398
-8.415722,-1.1566477
-8.340101,-1.1793869
-6.355806,-1.5072718
-7.346446,-1.0610819
-8.728241,-1.7005266
-8.087307,-0.7004821
-9.740907,-0.99327433
19.250183,15.720837
-8.371444,-0.7616414
-8.235492,-1.0513995
-4.8183913,-0.7633089
-6.34569,-0.9869354
-7.463401,-1.4892675
18.159489,-1.695532
-8.825237,-0.85150707
-7.8195395,-0.5870091
-4.7540174,-1.4575946
33.529926,-23.945175
-8.980988,-0.3675039
-7.587266,-0.83015037
-8.651039,-1.4148862
-6.319424,-0.15618096
-8.524575,-0.66942054
-5.305065,-0.95359683
-9.393563,-1.3166959
-9.886938,-1.6508449
-8.425152,-1.049311
10.076695,-9.253299
-6.9345345,0.16204758
26.777227,-20.223688
-9.116272,-0.7328942
-6.9008646,-0.51146317
-8.953488,-0.3710765
-9.23053,-0.81328505
19.847084,21.847553
-7.966276,-0.52863085
29.926224,-9.206127
30.13981,-20.053709
-9.447789,-1.1165254
21.538652,27.946056
11.772917,15.867244
16.902782,-10.869962
-7.475699,-0.4137266
-7.4366074,0.12191668
-7.386298,-0.77854
22.934568,31.59537
-7.914221,-1.1521983
-8.991472,-1.0623862
-6.5466566,-1.0730585
-7.8239813,-0.74110675
8.192659,8.756505
-6.5726466,-0.18164916
-9.067947,-1.6692557
21.147593,9.0712595
-8.311955,-0.8273927
9.919875,10.742032
-8.505734,-0.5294192
-7.7086897,-0.121055596
-9.0714855,-1.9363436
12.463944,17.890184
17.48598,10.280237
22.095509,-14.392602
16.211756,12.246705
21.849422,30.895544
-6.3091846,-0.95085704
10.736165,11.17619
8.76435,8.600661
-7.388232,-0.8888736
-6.997496,-1.4548734
-8.630509,-0.61386544
14.872791,15.55077
-6.3832216,-1.3555536
-9.079371,-1.1167153
-7.6700435,-1.1780921
-8.658818,-1.1338232
-8.5850935,-0.66539335
-7.3069654,-1.0006585
11.599554,12.023615
-2.7521434,-3.1338308
16.388435,-13.903257
-4.541704,0.023588495
24.140913,33.382793
-9.95756,-1.9759463
-2.5138903,-0.85956234
24.109509,-15.524321
-8.174319,-0.8543061
-9.065304,-1.3932393
-8.694857,-1.3504274
33.668137,33.447964
-8.358383,-1.1412635
-8.281706,-0.62603426
-8.5863695,-1.0179733
-8.129826,-0.9742957
31.99456,-24.409956
-6.155354,-1.1000576
-9.067294,-0.9234078
15.265072,18.186796
-8.367222,-1.3622032
-8.720755,-1.1944737
-10.639294,-2.2769063
9.414884,9.720443
-8.447603,-0.28557128
4.4938593,-10.094591
17.724472,-13.297032
13.077121,13.2911415
-8.8581915,-0.71493393
-8.24613,-1.6030374
-7.376792,-0.37051252
-2.59236,0.32588923
-9.37783,-1.5356662
-9.005079,-0.81997406
-6.1514525,-1.4840469
12.254909,14.9882765
11.179007,13.347993
-7.429632,-0.80044633
17.351976,20.093443
-6.161593,-1.299642
-8.319308,-0.9009392
-6.101472,0.2536437
-8.349459,-1.1794828
-8.448387,-0.35376528
-6.707123,-0.87878776
-7.0685625,-0.3766844
-8.2693615,-0.7478264
-1.2593023,4.223941
-9.217065,-1.1345172
-4.7268133,-0.54245514
-6.8046656,-0.7202939
-8.43986,-1.1419046
-8.425039,-1.3794744
-7.7385507,-0.5586643
6.7519884,8.599605
26.268831,-19.531908
-3.1476855,0.8433008
19.87242,25.931934
-4.0401683,-0.83735776
-10.279485,-1.5899042
-7.8138103,-1.2133415
15.856235,21.17725
-7.5436974,-0.5577238
-7.94789,-1.0573777
30.338028,-22.588572
-7.6996937,-1.2272644
-8.757895,-0.74900776
-9.445072,-1.0806437
17.36931,24.197582
-9.248484,-1.1162803
-8.594761,-1.0901923
15.895322,18.178667
-8.019961,-0.76018107
16.612848,-11.507877
-3.7477055,0.10818045
-9.558927,-1.0952548
-8.696913,-1.2427002
-9.042626,-1.7271321
24.644602,-14.851797
-9.00963,-2.0101602
-9.084953,-1.1533078
-9.189758,-1.187718
-8.42672,-0.98724216
25.457193,32.91904
-8.953087,-0.5282732
-8.712893,-1.2537979
27.008202,-16.122503
22.299547,3.6939824
-7.498554,-0.38440692
17.95089,11.516552
21.692598,-14.557101
-8.634743,-1.2215753
19.328863,-11.170987
-8.380932,-1.0669755
-8.584894,-1.0076293
0.7331275,2.8755746
-7.147481,-0.569642
15.262902,2.1722598
-7.5896735,-0.8407748
-8.63786,-0.7700812
34.564877,-21.412844
14.009232,16.752514
-8.408734,-0.79355264
-8.578346,-1.3846816
31.712399,-18.741827
20.056154,33.857723
-9.053086,-0.99479884
19.69435,-10.465041
-8.832661,-1.1169875
-9.00047,-1.1874844
15.255649,22.84179
22.13468,30.432621
32.565517,-13.09499
-6.4590325,-0.9532226
-8.702567,-0.52059746
-8.819643,-1.1769984
-8.877873,-1.7253178
-7.9639664,-0.42176145
-7.8744807,-0.51658803
23.061274,15.592633
-8.728023,-1.0163435
9.32303,10.861128
-8.165763,-1.2709777
17.698545,23.544586
-5.943557,-0.25711027
-5.8756156,-1.0132979
-5.716154,-2.7272072
-7.8500676,-0.80414075
-8.485859,-0.96008587
-8.077498,-0.6234438
14.216178,15.666014
-8.409689,-0.8958454
-7.4811144,-1.243185
-7.5574913,-0.9789325
-7.15112,-0.9858582
-6.292212,-1.4154779
-6.8875003,-0.41079196
11.903182,13.427373
-5.731043,-0.5703399
-6.593219,-0.21078151
-9.608289,-1.4196825
-9.067985,-1.4896694
30.501629,-4.8924546
27.791082,-18.417326
-10.043367,-1.3549238
-7.9173493,-0.6550074
22.33487,12.106176
30.754396,-24.781115
0.87164193,-5.196522
30.385216,-8.475607
-5.8760505,-0.72127277
13.981669,19.148289
-8.809894,-0.60223866
-8.942383,-1.6582437
-9.026845,-1.0663899
-7.7582107,-0.9159683
-7.6568217,-0.6678885
-8.554893,-0.94386965
28.076876,-19.308887
-3.8143585,-0.26707596
31.36754,-17.971163
-5.571954,-1.3556311
-9.209889,-0.8527609
-7.809969,-1.0243824
6.648477,8.796183
-8.338272,-1.2333746
-9.30124,-1.570742
-8.904402,-1.4050978
-7.9059844,-0.8783546
14.24621,-9.349191
-7.6196012,-2.364135
34.705124,-1.1440252
-8.544523,-0.5939056
-8.973088,-0.74752367
-8.905562,-0.66402185
-7.555632,-0.27207726
-7.6848807,-1.575904
-6.9576325,-1.2581978
-8.027723,-1.0241375
38.405033,-15.240626
24.61522,31.941082
-8.101172,-1.2807894
-8.405428,-1.3607688
-8.058137,-1.051697
-8.282047,-0.88025486
13.308335,12.89707
-6.637972,-0.5495334
22.758455,-16.001364
-6.071163,-1.5912095
17.118906,13.789505
-8.242209,-1.0356178
9.2005,9.234921
-9.46276,-2.0472279
-9.225139,-0.45501179
-7.6549854,-1.0146219
20.561323,31.593697
-7.50383,-0.69142413
-8.434987,-1.473436
-7.880784,-0.70794064
-6.6298137,-0.7219798
-7.6383796,-1.0865749
-5.3046646,-0.7300072
18.545723,-13.607126
-9.404662,-1.1548432
-7.010171,-0.748745
-8.028888,-0.93178934
-9.273168,-0.8752958
-8.836505,-1.9085592
-8.690757,-0.9769074
17.45352,15.703073
9.196941,13.366768
19.53745,26.890823
-7.583686,-0.90308404
-8.500854,-0.3951054
22.598776,-15.552572
-7.61607,-1.3508543
-6.9895186,-0.29081252
9.349534,9.71916
-8.858604,-0.50813574
-7.3254404,-0.8068025
-8.260021,-1.3078269
10.105678,15.321579
-3.1439364,0.633039
-8.24741,-0.21055645
-7.2546372,0.009284463
-6.8107686,-0.49081376
-9.315968,-1.0800309
-7.9558744,-0.834103
7.8549232,12.932975
-9.652734,-0.54007214
-7.4173646,-0.8056514
-6.055319,-1.4645464
19.0198,-13.535761
-7.528161,-0.25869927
14.326915,-13.965388
-6.6914725,-0.9585001
-7.242758,-0.899776
-9.870793,-1.7427002
-8.105931,-0.52404875
-7.006876,-1.4941187
-8.377952,-1.1906796
3.6789594,1.527013
-6.8665004,0.3053753
-5.4973598,-2.956275
16.052631,22.103971
18.36112,-13.0801115
-7.266359,-0.05700701
-9.147748,-0.47740725
-9.191228,-1.1037154
-9.406898,-0.9824127
-4.403051,1.0363879
-8.393171,-0.51757824
-9.494194,-0.7532693
10.658611,11.338851
25.411919,-18.395939
12.227674,18.047306
-6.5067997,-0.64329576
-8.740228,-0.902498
24.548426,-17.561329
-5.5915766,0.20777488
27.589207,-20.162657
12.628907,13.622731
12.936522,16.088985
6.801786,7.395038
-5.934037,-1.25014
21.497274,-11.164608
-8.599179,-1.6192474
-7.9705753,-0.715846
24.197079,-16.996891
-8.212662,-0.6295019
-7.586224,-0.53574115
-8.582935,-0.43703565
-7.9948344,-1.2615424
-7.9945507,-0.84714466
-7.7570386,-0.86473495
-9.09159,-0.6025465
-8.55492,-1.5135021
-7.164471,-0.67080104
-1.451158,-2.0924628
-7.83927,-0.6067896
-7.4885435,-0.8967423
22.535688,-16.562963
20.440067,-15.332395
-7.421174,-1.0657203
-6.8573093,-1.1828363
-6.3265996,-0.2705187
-7.4513216,-0.8187367
-2.4891887,0.35643414
-8.416765,-0.413182
-9.135256,-0.67231965
11.58789,13.335072
-9.43308,-0.6425359
-7.0375624,-0.39676645
-8.485922,-0.43912596
23.860735,32.66242
11.554173,14.226325
-7.400104,-0.9560538
-10.389994,-2.020852
-8.299765,-0.36172304
-8.632128,-0.5955876
-8.594441,-1.1778572
-8.462235,-0.90038735
-8.653087,-1.0123852
22.105534,-14.528331
-7.0534716,-0.7843756
-5.506747,-0.6282419
-7.9160023,-0.37865868
-8.125619,-0.21309146
-8.0194645,-1.2801597
-8.791097,-1.5249425
-9.38294,-1.4156399
-8.360098,-0.53571916
-6.9631214,-1.3667046
-8.926347,-0.3446128
-10.878121,-1.008492
22.374,-12.843896
-8.171871,-0.8986893
12.430171,15.219695
-9.854385,-1.0125989
-9.356461,-1.5768285
5.5129275,6.397824
24.265276,37.09947
-8.116545,-1.6732669
-7.591637,-1.3837973
-8.5418005,-1.3421
-7.3665423,-0.75545955
25.109015,-11.578146
-6.2698073,-0.388765
-8.23044,-0.9056143
-6.8762994,-0.13417011
-6.1682763,-1.2398651
-7.668974,-1.3934376
-9.72876,-1.9452866
22.582375,33.920383
6.4550967,5.058837
-7.4666214,-0.55346054
-8.953348,-0.6565228
-8.771731,-0.97049046
-8.615157,-0.83868635
-9.643217,-0.54345405
-6.3087144,-1.9899682
-9.783716,-0.9536613
8.558038,8.685677
-6.8605247,-0.5652322
-7.3162737,-0.7492486
25.99495,-18.148495
-5.9396772,-0.7377629
17.420458,23.640696
-6.120833,-0.5879289
-7.9951973,-1.4613822
-2.3064601,1.1743448
-8.249806,-0.7136658
-9.112367,-1.2004602
-8.580564,-0.99497896
-8.673347,-1.65814
12.013312,14.324376
-7.5550575,-0.4339584
-8.538437,-1.1256368
-7.775294,-0.9543252
-6.703406,-0.22421673
-5.218877,-1.032023
-3.2467442,0.52105784
-7.975224,-1.3108014
31.19504,-19.636974
-3.763819,0.21479349
-9.397975,-1.7486614
-8.658411,-1.6956965
-7.2683487,-0.57940584
-8.1735935,-0.8536049
-9.260303,-0.85501623
18.109577,24.995848
-8.70428,-0.7334369
31.813883,-0.87522584
-8.800762,-0.63710654
38.571556,-27.030704
14.105172,19.685106
9.793848,10.65138
18.246218,-12.847422
17.658504,23.057573
4.988334,-8.760187
20.965776,-16.142035
11.670565,-11.27831
12.597994,15.077854
-0.12446509,7.596037
30.024672,-16.739311
-8.517354,-1.7830791
22.07348,-10.162505
-9.912386,-1.5051003
20.348999,-14.279026
-7.8392386,-0.77570516
20.886478,-6.4252596
-6.3634353,-1.4655452
-10.4572525,-1.0586323
15.079756,-12.170521
-8.963631,-1.8181033
-7.86376,-0.32572964
10.108267,11.185169
-7.95535,-0.8523679
-8.568855,-0.7571334
-9.40918,-2.0368183
-8.688242,-1.2922605
-7.806327,-0.10336662
-8.124399,-0.30813113
27.628162,-18.423513
-8.321766,-1.2502643
-9.943064,-1.2715701
-7.767186,-0.5975131
-7.710839,-0.57709974
9.557977,9.897573
-9.013013,-0.707561
-7.8271923,-1.0109094
-9.667158,-0.9150285
13.7889,15.640362
-7.7825217,-1.1074617
18.423397,24.387676
16.424479,-10.827854
-6.985862,-0.090146445
-3.228296,0.49502024
-1.6815444,2.830718
-9.523482,-1.4218076
-7.5334873,-1.0522527
-9.377794,-1.3862875
24.635052,-16.236858
-9.012341,-1.1016036
-7.9825478,-0.40881497
-5.427116,-1.8340518
-8.3316555,-0.37196895
-8.63582,-1.3989532
11.648274,13.201962
10.50704,13.428881
14.80885,19.792791
21.53415,30.044088
-7.5824823,-1.2795216
22.960617,-15.217064
-8.257964,-1.0628501
12.31444,13.395934
-7.227489,-1.0277508
-8.188081,-0.94428945
-8.845943,-1.6297845
-7.804478,-1.089981
-8.9874735,-0.4201076
-7.5847063,-1.3094609
-9.121798,-1.2318118
-8.739435,-1.340499
-7.9742823,-1.1874065
-7.8267207,-0.57984275
-8.141479,-0.6247398
-9.001383,-0.98395884
-7.435043,-0.63274616
-8.828309,-1.0254105
22.998247,6.2772007
-8.939431,-0.88631666
33.467476,-19.851433
15.093511,20.084085
6.021683,8.837128
-8.251287,-1.1425449
-8.695451,-0.8135931
-8.166193,0.016413078
-9.571326,-1.2469809
-7.4685736,-0.7018232
-8.834026,-1.2362455
-10.025622,-0.74794525
-8.08511,-1.1131543
-8.487351,-1.4483149
31.4292,-17.2563
-8.319564,-1.1682738
5.971667,-9.027173
28.121223,-12.709092
-9.546109,-1.2010357
10.33724,13.1536875
-8.101267,-0.40035382
-9.079854,-0.906626
-10.026896,-1.1696814
-9.175012,-1.1083033
-8.138599,-0.49595243
-9.600101,-0.87977606
-6.4744864,-0.40587702
10.853862,13.454983
-7.5469303,-1.3865222
-7.326811,-0.61405534
30.30418,-20.91871
14.092206,17.352806
-9.897602,-1.3034163
-8.690944,-1.6275018
-9.285781,-1.468962
-8.388623,-0.5277709
-6.853336,-1.062412
-9.40105,-1.6095167
-7.5556207,-1.6259917
-8.888466,-1.0817581
-8.848723,-1.2959723
-8.389638,-0.8033178
-9.551473,-1.0070875
-7.514696,-0.8149475
20.770699,-11.882418
-10.125023,-1.2090908
33.92158,-8.300408
-8.358649,-1.122559
20.18338,25.277525
-9.50869,-1.7258016
-7.6893506,-0.8409063
26.025536,12.214843
-6.0825143,-0.12866208
1.9953142,-8.350913
18.62162,23.017084
29.359495,-23.62788
-6.7322493,-0.34272382
19.04432,25.492376
-8.620355,-1.4025588
-8.707366,-1.0249434
-8.888507,-1.305333
-9.277627,-2.3733664
-8.317661,-0.7636797
-10.045187,-2.00816
-7.569204,0.38741636
-8.232049,-1.0680159
-8.141149,-0.740999
4.4174805,-4.1276174
-9.19113,-1.0790374
-3.1840472,0.71196294
-8.652422,-0.74046874
15.744737,-10.560063
-6.175792,-1.5735085
-8.655277,-0.6778025
-6.8136325,0.3228636
-8.762478,-0.39330184
-7.8056374,-0.4844944
18.734497,-12.505244
-9.359672,-1.0199083
-8.228298,-1.80376
-9.161949,-1.7883404
18.8419,24.981308
-8.15279,-0.95917803
15.710297,22.170671
11.335645,12.18864
-8.203315,-1.671218
-7.446385,-1.9830822
9.879329,14.968163
-8.097199,-0.89532644
13.164206,17.250883
-7.7720737,-0.6375708
-0.30194548,-4.850184
-10.3894825,-1.2899153
-8.839313,-0.33495146
-7.6438775,-0.31050384
-8.287042,-0.93645144
-9.089458,-0.570822
-8.82293,-1.1277192
-8.148937,-1.4342579
-4.266664,-3.5285723
-3.0162811,-1.3171624
-8.557633,-0.7518938
-7.898459,-1.1923282
-7.5188346,-0.48354656
-8.728851,-0.8833382
-4.5380096,-1.0981959
26.294691,-22.548706
-8.041064,-0.5831578
-9.757164,-1.5646931
-9.588198,-0.98146343
16.967888,-13.346955
-8.060012,-1.3851736
6.0783544,7.480322
-8.541607,-0.8109139
24.387804,-16.671741
15.321386,-1.6713916
-4.6480727,-0.9970157
-7.779566,-0.56340057
32.641514,-17.11914
-6.7479334,0.2059414
9.87856,14.333636
-9.010988,-1.5241756
-6.7820764,-0.888996
-8.118056,-0.8224892
-5.550799,-0.8168135
-5.475898,0.20966524
-9.649821,-0.8302546
16.428898,23.425259
19.547178,30.279633
5.332032,2.7463257
-9.336962,-1.1633445
7.647836,9.426495
-9.167967,-0.7299066
7.635977,7.72064
21.724476,31.311832
2.788008,7.65609
21.76887,-15.220405
21.77198,-8.95297
-10.310963,-1.3687795
-9.045748,-1.0883932
-8.044391,-0.33568397
-7.3984017,-1.3638175
-7.8552322,-1.0587246
22.434208,-17.870834
-9.918574,-1.3928865
24.63229,-16.839817
6.992105,10.278535
-8.454464,-0.1445289
33.04179,-23.804808
-8.29974,-0.7553912
10.886524,12.925711
-8.408759,-0.52289146
-6.0724196,-1.2242051
-7.9438205,-0.7339329
26.949448,-19.666994
-6.649961,-0.88666874
-9.184179,-1.4583129
-7.9937015,-0.60059756
27.737768,-22.085575
-2.5349653,3.2502027
-6.890449,-0.16364415
-9.484146,-1.843676
-7.8497143,-0.7474214
17.178556,25.087732
-7.371619,-0.8480503
-6.4873962,-0.51833
-7.798502,-0.66840804
26.43711,-7.3739543
-8.130174,-0.582902
9.817257,11.431287
-8.437929,-0.8350471
-3.8041403,0.29324117
8.356562,15.882293
29.30962,-7.7554502
-9.753139,-0.8800478
17.007301,25.107073
-7.333967,-0.94881743
-7.607117,-0.21875477
-2.5645227,-2.0065227
-8.677625,-1.1300439
20.546112,-12.454469
-9.51061,-1.178802
-7.3535857,-1.0398059
8.6673765,14.24222
-7.525966,-1.0062535
22.485275,28.854034
-8.653676,-1.1551434
-10.432067,-1.4586629
-9.577574,-0.6481558
-8.411095,-2.7041504
-8.524848,-1.006202
-8.975403,-1.3090638
20.662937,28.535233
-2.278015,3.38827
-5.7198825,-1.7433165
20.7177,25.099833
-8.722111,-1.0134512
-8.196538,-1.594953
-6.1397853,-0.62603307
-7.515517,-1.6143237
-7.999853,-0.68377197
26.360136,-10.012322
-8.954888,-0.3560532
-8.265201,-0.41018572
24.616964,-16.012657
-9.06723,-1.4901935
10.582169,14.362772
-8.041205,-1.1859354
-8.640879,-1.5295467
-5.393161,-1.1509473
-8.127822,-1.795598
-9.443674,-1.9474368
-8.354664,-1.0805001
-9.43784,-1.6883891
-9.371692,-0.7863241
8.976581,9.831652
-8.795027,-1.0444256
15.570403,2.7684267
-8.442964,-0.7637117
13.744526,14.769932
-8.216266,-1.5389342
-7.898483,-0.4660057
18.05803,17.702145
11.357114,10.401457
-7.5302672,-1.0209752
-9.165626,-1.0478204
-8.075969,-0.7429657
-8.63314,-1.2974702
-7.7475863,-1.4997365
12.705819,16.164825
22.295528,-13.142285
30.536203,-15.631221
29.516567,-22.917376
-5.4515877,-0.47931305
-9.671884,-1.0260154
-8.996069,-1.7708013
-8.826767,-0.2417193
-8.640599,-0.7242068
-7.612058,-0.7977352
-5.834454,-0.1912588
-8.783905,-1.2842046
-7.558303,-0.9449346
-8.371193,-2.1753864
-8.707093,-0.82512814
-8.901486,-1.4594922
-8.57162,-1.2556751
-6.8819327,-0.5249851
-8.209651,-1.2022468
-8.885512,-1.334174
-8.605981,-1.1079799
-6.169427,-0.9131472
-8.481331,-0.7692404
-10.090037,-2.4237761
-6.018895,-1.1369338
-8.524536,-0.65714806
-9.618664,-1.1662085
-8.13765,-0.9585916
-7.4921103,-0.2927878
11.982077,-9.212213
-9.056327,-0.76179343
17.226486,23.605999
-9.655405,-1.1293695
-7.155715,-0.65056884
-8.883977,-1.7735952
-9.287876,-1.0103533
-8.263318,-0.56095284
-8.699587,-0.8521929
27.097418,-17.441896
-8.583912,-1.4103208
31.493113,-8.75611
2.2754533,1.2637435
-8.257352,-1.3749965
-7.1203713,-0.62208277
-9.587105,-0.83642614
-7.850841,0.06064318
-6.034758,-0.58801746
-8.007322,-0.9163512
-7.6855664,-1.2529197
-8.54738,-1.2197428
-8.22995,-1.0876558
8.258043,8.030633
-8.416481,-1.0534943
-9.622298,-1.0303655
-8.399922,-1.7396044
-9.031985,-1.0698131
-8.633991,-0.23973744
-9.476457,-1.3274037
-7.434125,-1.213517
-8.775109,-0.97593534
7.096553,9.208274
-8.480323,-0.38310707
-6.4714065,-0.32013908
-7.461508,-0.96679217
-7.5128913,-0.75712866
24.3129,-18.92026
-7.621643,-0.60217357
32.020073,-17.00569
-8.326708,-0.74548304
-8.137455,-0.9038551
40.943665,-9.055229
-8.487561,-0.9124069
21.571676,30.891209
-7.559544,-0.99272907
-7.1464376,-0.66411805
17.046856,-12.855754
-8.989439,-0.7241814
-8.603673,-1.6941437
-8.364264,-0.8736425
26.946877,-19.195696
-9.418379,-1.3688947
-8.547269,-0.26478565
12.974413,14.304463
-8.162951,-0.6833591
-6.717676,-0.6699786
27.603191,-18.135267
-8.039022,-0.58580244
-8.296101,-0.8124026
24.574823,-16.91692
-5.1822753,0.25449246
-6.1537395,-0.8451143
9.9284525,10.698747
16.925602,-12.610471
-7.6286526,-0.87395996
-9.8792095,-0.71831465
-8.546433,-0.41374484
20.939669,-13.568339
16.754227,17.692244
19.382816,26.372742
-7.8342,-0.8244433
-8.175711,-0.6471614
-7.993596,-0.9504089
-8.2917,-1.3855002
-7.987287,-1.0959352
-6.4871697,-0.58576256
-9.229496,-2.5672634
-9.40115,-0.89965856
-9.2105665,-1.1433489
-7.263478,-1.1632429
-9.205234,-1.2460388
-7.5088754,-1.3196901
-10.493539,-1.802805
-8.706132,-1.2731543
-7.679825,-1.0989296
-7.5850706,0.10252362
-7.3423877,-0.66338974
-8.6893015,-0.8974929
-6.645119,-0.053205818
19.755627,26.173136
3.9143744,8.434207
-8.616923,-0.4732395
-8.297676,-1.4274709
-8.015284,-1.3945564
-8.413648,-0.8788482
-7.5794673,-0.88539904
-8.728601,-1.3128477
-9.11054,-0.6562864
-9.500024,-1.9746255
35.964485,-10.743243
33.33975,-20.30189
-7.773377,-0.646441
-8.43819,-0.63775796
-6.0688734,-1.0034295
15.64024,19.438904
10.586362,12.994672
-9.935361,-1.4234312
-10.3349495,-1.1220587
-7.498554,-0.7848533
11.18728,10.6922
20.53205,-14.238508
-8.4861765,-1.6237354
-7.4543877,-1.1223519
-9.040253,-0.49099398
-6.9947267,-0.69936574
-9.848221,-1.604006
-4.906426,-2.3321402
-8.576197,-0.8333328
18.121155,-5.23289
-7.892052,-1.3875555
-8.478444,-0.663429
-5.333875,-1.3349735
-8.276978,-0.5447692
10.438216,12.304512
-8.115862,-1.2502445
-8.651906,-1.4678891
8.450007,14.023772
-7.702194,-0.48796043
11.599972,13.203632
-7.9505196,-0.5400797
9.080152,9.426231
-8.756145,-1.4461977
-9.36016,-0.62528384
-6.212957,-0.92664605
10.577422,10.41776
-7.546902,-0.28260514
26.499487,-18.935463
-8.091046,-2.3708155
-8.513078,-1.5842698
-8.110621,-1.1631483
-7.608543,-1.3797555
5.830454,8.941552
-8.281237,-0.57634276
-8.244387,-0.21116014
22.718884,33.024174
14.306037,-10.100856
-10.486559,-1.3251117
20.46512,2.293952
25.589209,-17.454376
-6.669821,-0.8641709
33.895832,17.443335
-9.139353,-1.4495658
-6.876215,-0.8001617
-7.7555027,-0.6846509
18.332073,-14.437451
-7.781272,-0.20427877
-8.619912,-1.0484765
-9.949422,-1.6551133
-8.968211,-0.9253613
-9.532539,-1.2016772
-5.4646435,-0.79752177
-7.958267,-0.6553579
-6.7391324,-1.1981374
18.38547,-8.265615
-6.768861,0.013370905
24.84348,30.641062
26.631989,-16.987366
20.48895,25.02793
-7.6859207,-0.49640396
-7.5183334,-0.6139266
-5.8675637,-0.64438283
-5.6806483,-0.49087512
-9.147018,-1.1715153
1.3273796,-5.518087
-9.960579,-1.6112626
-9.0551405,-1.5317773
-8.897378,-1.0029924
-8.306891,-0.6716334
-7.725093,-2.0777612
-5.560057,-0.7200598
-7.4993577,-1.2325798
18.059383,-14.448025
-7.5330033,-0.8279812
-8.880321,-1.0853893
-8.407779,-1.6689159
-6.4685,-1.79825
7.586345,-0.55829144
-9.101898,-0.65569955
13.482329,15.139852
-9.014595,-0.44379902
-6.6271687,-1.4842647
13.00369,18.5694
-1.6874396,-5.544585
-8.710466,-1.4361541
-10.563538,-2.1487978
-6.2723355,0.0023887597
18.078701,-13.292759
-8.506319,-1.5210531
27.147839,-20.798447
-9.245021,-1.8258231
-6.2964606,-0.31503537
5.969068,3.6763337
24.891006,30.329693
-8.489931,-0.85670906
-8.039574,-0.31430385
-8.6232815,-0.9505747
-8.978513,-0.83676267
-8.975675,-0.48828226
-8.146063,-0.8873628
-9.460717,-0.60043466
-7.0133286,-0.2999718
-5.2618494,-0.86030793
27.83152,-5.407426
-8.857038,-1.6508148
-7.5371456,-0.797065
-6.9621477,-1.0179529
-8.055142,-0.6700473
20.95806,28.718014
-10.117357,-1.3252475
-8.549907,-1.1875559
-7.647644,-1.0342412
-8.993059,-1.3459673
-4.8293667,-1.1400387
9.266412,8.814506
13.984436,-12.461329
-8.384465,-2.0055976
20.900095,22.810886
