PC1,PC2
9.927807,-0.17869808
7.4938903,0.11709307
-18.425848,-16.268633
-22.36819,-17.428465
-19.576118,-18.091751
9.5106,-0.40866432
-24.65212,23.866346
6.978212,-1.0182816
8.668585,-0.32477602
8.528932,0.18470189
8.482773,-0.5729547
7.9639153,-0.22585292
7.4828696,0.08632746
1.8253995,-0.53152156
-24.116344,22.073328
7.8302965,-0.4398532
6.572441,0.7730674
-23.7561,-25.706783
-24.329828,26.762802
8.815922,-0.3809439
-3.6190844,-2.428515
-33.058407,28.31424
8.864813,0.24153903
-17.354652,-14.264531
10.007163,0.32454655
8.623444,-0.58582526
9.911371,-0.56451386
9.192748,0.67626935
9.400295,-0.24419814
8.4083605,-0.585907
9.616787,-0.649722
5.9801645,2.120561
-9.476166,-9.270853
9.398448,-0.06535248
4.364728,0.3140841
7.183017,-0.60084695
9.996364,0.4199626
8.409005,-0.12932494
7.761333,-0.29549512
4.8831215,0.60313547
-17.113888,-5.9253054
5.432676,-0.45661682
-17.776228,16.764303
9.414294,-0.16317849
9.753438,0.3452631
8.05601,0.47583607
8.527533,-0.5088586
7.5391273,-0.20334701
9.389524,-0.39755946
10.29509,0.67298
9.746542,-0.26309997
8.7753105,-0.5454349
3.5051603,-1.9102048
9.591084,-0.60879457
9.506016,1.1203744
9.957192,-0.0136164995
9.813415,-0.41368362
9.26103,0.06333711
8.850332,0.09991472
-13.937802,-8.792564
9.416568,-0.07038076
-20.90499,-15.098114
8.8017,0.43375263
8.599441,0.4027426
8.2233095,0.15953316
-12.425715,1.6294931
8.760572,-0.26172408
8.916805,-0.30055243
9.817665,-0.25969914
-29.995653,26.202156
9.307409,-0.6822715
3.3838367,3.46002
-22.511068,22.190668
7.8515315,-0.495889
7.559454,-0.8588515
-4.809967,-4.1197915
-19.710056,20.868105
7.6038656,-0.31998545
5.5220027,1.3189442
-20.053932,-14.64124
9.161279,0.18206656
-37.87756,20.579819
9.798993,-0.01698098
-23.781788,5.606738
-30.230816,24.351276
7.4844856,-0.3614695
9.5130205,-0.41284823
8.728165,-0.8483598
10.155789,0.32795507
8.504933,1.5027623
-21.535475,7.5138235
9.965371,-0.22726113
-12.619824,-10.396716
4.90858,-1.0264965
8.93061,-0.0127888005
6.155396,0.027592923
-11.463504,-0.6301089
-15.554899,-13.546533
-20.63014,-16.047401
-16.540462,-22.99501
-20.131144,-13.712536
-20.18336,24.700737
9.638222,-1.3177924
-13.3531685,-5.5381007
10.062227,-0.5801475
10.278775,-0.76533264
10.442561,0.25833836
-13.035896,2.2488952
-19.54592,-17.695492
9.526477,0.038667787
9.662631,0.20417108
8.464095,0.33533427
-22.312218,-22.184557
8.491919,-0.17895652
8.398147,0.65032476
3.2575245,-0.23139432
-6.3075128,-5.3297825
7.9059634,-1.0369188
8.991029,0.65024006
7.097575,0.1524041
9.927728,0.32841668
-5.8718266,13.604534
8.2918005,0.17355457
7.757127,-0.85492337
-7.7110505,13.574643
9.723057,-0.026556112
9.884178,0.15384334
6.073497,-0.017978765
10.335381,0.4671835
9.083911,0.8291712
8.05411,-0.60403997
-21.154697,17.224226
-33.789276,26.279913
7.727027,-0.38889197
8.647222,-0.71254355
9.395387,0.95584714
-31.319757,-24.23954
9.491548,-0.24258907
8.904894,0.02761594
7.2246532,0.19233021
7.743683,0.08371115
8.665296,-0.015249509
9.85414,-0.6633258
8.844767,-0.34562373
10.408973,0.25336865
8.122073,-0.32843167
-31.610262,17.174074
-7.881631,1.6659558
9.115215,1.222281
-5.6806035,-3.1595957
8.82784,0.4941023
-11.311372,12.688362
-18.901312,17.18432
7.9410915,-0.462341
9.196555,-0.4371495
9.205319,-0.7669889
7.5340633,-0.19809765
-23.17171,20.912537
-22.097822,24.01294
9.709591,-0.021396704
8.626936,-0.38257393
-25.465446,-20.136738
7.2582397,-0.043886587
-23.052643,15.976764
10.977045,0.09587546
9.983931,-0.095669754
-18.765356,-15.112643
7.571856,-0.50475943
-23.513235,-19.333994
9.996042,-0.62249327
8.159661,-0.072575614
8.147988,-0.20666215
10.191427,-0.25381184
-13.528055,11.942194
0.18163703,5.8466125
9.176795,0.052683502
-31.026232,11.085755
9.162001,-0.36209384
8.659725,-0.719555
8.940133,-0.33082798
10.384304,0.71998906
10.483447,-0.39722273
-17.735773,17.122877
-27.631916,-29.984007
9.69002,0.30626792
7.8746924,-0.4584598
5.5693984,0.22137801
8.461853,-0.04914205
10.075254,-0.8244035
-19.067585,21.019098
9.582774,-0.19547187
8.739488,-0.014005782
-22.466507,-21.345268
8.934023,-0.06804331
9.412322,-0.13871479
10.211021,-0.7783577
-16.014816,-11.333171
-15.237262,-10.840693
-10.102535,-1.1187744
9.339944,-0.584669
8.594498,-0.26149428
8.947997,0.31264734
9.025857,-0.48230174
8.012652,0.24340536
7.2424374,-0.38338447
-28.664713,25.690426
6.9627643,-0.8894362
8.424062,-0.7906237
-24.698595,-22.217047
9.310118,0.08535449
10.3492985,0.4812964
7.484492,-0.70655435
10.380748,-0.39552495
-16.7632,-13.337415
7.161049,0.44739476
9.774151,0.9264115
8.702498,0.009252945
9.3554735,0.0050222045
-9.6926565,11.746918
7.2505965,-0.19028495
7.049257,0.17740084
9.234801,-0.04326579
5.9428115,-1.2143075
5.7164626,0.054404736
-26.675146,18.21038
8.513242,-0.6559511
6.75586,0.4557516
-24.844671,-19.501492
6.7571206,-0.32252738
8.900913,-0.60245466
-21.67176,-17.40549
8.336239,-1.0049382
8.356173,-0.8229995
-14.896,14.181536
8.459987,0.64763415
-25.908983,-27.937637
1.8960695,1.4395721
6.0373435,0.0023376087
-7.1729546,-6.951439
8.203106,-0.8061936
8.557182,-0.6134457
8.045842,-0.8714973
9.032446,0.09690716
-25.210066,13.533765
8.375595,-0.4476266
9.721922,0.3220104
-12.172062,-10.785194
8.617499,-0.55303824
7.1680803,0.29232317
-26.676954,18.78167
8.546326,0.04741683
10.096401,-0.3206658
8.645408,-1.0957603
-17.921444,14.891311
4.6338778,0.7732302
9.50899,0.62051404
-22.104366,-18.260996
-15.884364,12.965922
10.396256,-0.099906676
-24.17123,15.622618
-14.832175,1.7126474
-12.322713,-6.386668
10.556405,-0.10049582
9.938252,-0.5002075
8.736941,-0.036647316
10.778059,0.31787938
9.531762,-0.5798849
7.75192,-0.75024503
9.093783,-0.15360361
6.2320895,1.7158872
8.465019,0.23427482
-6.1399183,8.90473
-5.0063143,12.4359255
8.14136,-0.4726175
9.223793,-0.9436152
-11.992586,13.706891
8.259262,-0.21867411
6.8703723,0.99458975
9.278419,0.12895352
6.0056534,-0.80932534
8.612107,0.1369917
5.6956897,-0.6361351
9.73494,0.044085935
9.045062,-0.09837662
6.0469136,-2.4548995
8.974787,-0.37935197
-16.777851,-14.712748
-36.068123,23.253263
-13.085943,13.46803
9.701783,0.18349135
-34.495014,-27.658842
9.1364355,1.0467191
-35.822617,24.093233
-16.613054,-11.549626
9.175411,0.76813763
8.13613,0.063336894
-21.936792,-18.600222
-19.33142,22.346216
-14.0893,12.64092
9.635957,0.03746342
-22.566944,-16.982048
8.143439,1.9209967
10.465,0.33328745
-22.164532,18.315758
9.305125,-0.13751122
9.019782,-0.49077168
9.158246,-0.21040422
7.9326982,-0.24478222
-21.818178,17.474539
-19.452871,-15.450192
7.904763,-0.8713131
7.6310644,-0.70863885
3.0742753,-1.568295
7.867189,-0.24288243
-19.656563,-17.788794
9.106574,0.044145986
10.587582,-0.092680655
4.5345387,-0.33809504
-15.827953,-11.546862
-25.535528,-18.298601
8.575082,1.1155411
-29.590466,32.15632
9.092563,-0.054073736
10.091451,-0.38794255
-18.845427,16.420351
8.728366,-0.09716762
9.332262,0.6468944
7.608634,-1.0505124
11.123554,0.072470956
-19.8579,-15.819462
6.7074566,-0.7793639
8.212685,-0.8065978
-24.965836,-18.143307
8.191914,-0.40681812
10.343163,-0.32535198
-20.041431,12.481337
7.1432223,-0.5406959
10.3222885,-0.5089351
9.359738,-0.45889783
-15.74059,-12.0856285
9.721976,-0.5581877
-20.967508,-13.205521
-25.160114,-24.101027
6.635732,0.8258169
-22.720152,-13.845931
-21.412298,-20.512798
8.58058,-0.6564402
5.119828,-0.3581107
8.268827,-0.13240919
10.798943,-0.19093344
6.918007,1.2355518
-21.513258,21.83082
-15.8501425,15.530104
-24.742294,20.93621
7.2549944,-0.11200695
9.440134,1.3904634
-18.839485,18.54173
7.0091763,-0.79085475
-17.129156,16.081278
9.386925,0.70738167
4.3831654,0.25060117
9.029401,-0.6184574
-26.476473,-25.936905
8.703717,-0.41124207
-23.785957,9.010492
8.8629875,-0.56500924
8.322467,1.0987498
6.1390643,-0.41379327
-18.416462,-22.055586
8.572568,-0.35168174
9.99646,-0.5818318
8.818344,0.85641015
11.268594,-0.26506624
-19.962114,19.091684
6.77259,0.8950813
-21.597414,-16.99865
9.387746,0.38788894
7.1084285,-1.0956142
5.364765,-0.4106404
4.721196,-1.7389488
8.822738,0.059169687
8.020324,-0.060195364
4.705215,-1.1618468
4.629973,2.1020994
-19.787481,17.53672
-19.747276,-15.014165
7.931921,-0.16969691
9.6859455,-0.38516203
7.871941,0.0343145
8.205646,0.3648973
-22.856953,-17.169962
5.9331126,1.1978579
10.076677,0.3661303
8.673723,-0.6772479
10.915771,0.2849919
7.067119,0.1937071
9.016065,0.48612484
9.731362,-0.1996152
-21.648949,-17.651548
11.710645,-0.17329974
-32.525333,-30.148432
9.931026,0.2676035
9.755083,0.14756492
7.792394,-0.35513142
-28.897623,25.271433
6.0010166,1.8219842
8.429706,-0.18005444
8.266357,-0.15444781
9.043602,-0.23298657
8.317336,0.20243143
-29.193336,-20.284641
9.431314,-0.9162322
10.367621,0.1589729
7.784968,-0.55457896
10.352528,-0.03023532
10.509805,-0.03458314
9.534597,-0.07466549
9.085121,-0.41784638
5.9232054,3.2930853
9.552374,0.14913414
-19.194036,21.223246
9.306487,-1.1271244
8.561422,-0.52846164
7.935933,0.15638852
-18.971905,24.168467
-14.6666355,-11.712613
10.0408,-0.1025272
9.289928,-0.2716989
8.262127,0.25879705
-11.149346,-9.582159
-18.988304,-15.943165
9.043321,-0.7463406
-23.947067,-21.264761
5.9458585,0.16617687
8.923993,0.2890738
8.381555,-0.3480926
-17.618668,20.996565
8.087197,-0.9589619
9.325152,0.5557313
-20.218143,5.0465527
9.958421,0.48765206
9.12626,-0.12865241
9.228228,0.20458251
7.0988874,-1.1186166
8.207589,0.014323489
6.9672856,-1.9226847
9.83286,0.8292124
-20.950098,26.622768
7.5481515,-0.3955131
10.462858,-0.010541683
-23.639246,-22.1687
5.1081715,1.1038787
7.153815,-0.62769693
9.402409,-0.31727847
8.204672,-0.39014688
-20.817337,-13.523218
9.561467,-1.1805094
9.714599,0.034935176
8.807715,-0.24339485
7.555672,-0.0038179497
8.626581,0.82314754
9.0469475,0.04573554
9.655529,0.85918945
10.5786085,-0.0719771
6.2511353,-0.52134013
-22.479944,-15.164635
-22.130367,-22.228523
9.596232,0.13347691
7.262119,0.11695476
9.711684,0.31650835
-16.921368,-17.367966
-14.776564,15.92033
-22.263968,-16.390879
8.953385,-0.32426906
6.1551256,-0.18432103
8.166193,0.32885584
-16.60903,17.16516
9.591879,-0.56385624
7.292237,0.8899417
-25.15369,1.3378054
-17.921955,-13.103809
5.0472784,-0.7007852
10.100369,-0.30074704
-20.843214,-17.786196
8.600744,0.07701842
8.419061,-0.42119542
9.98487,0.21786611
9.288706,-0.12567896
-28.835964,-20.844995
7.3518286,-0.092950344
-12.611398,-7.7661743
-5.4263945,-2.3420334
7.18357,0.80252296
9.817933,-0.029279726
9.348482,-0.17661142
-18.812931,19.88017
-18.50269,11.528751
-24.596056,23.834776
3.4567273,-0.93962866
-19.522228,21.726913
9.293921,0.10104245
8.495566,0.7041111
9.31286,-0.61313367
-15.12058,-5.327562
-17.155504,20.554554
5.987545,0.18779542
8.333757,-0.92267466
8.048662,0.8126234
8.682872,-0.037254788
9.821291,0.26982725
8.292247,0.17547151
8.35691,-0.22516842
0.6947263,3.4298136
7.321052,0.031091476
-17.704462,20.817339
7.4663205,0.1801538
-26.747166,31.447035
9.786933,0.86139715
8.962895,-0.41779256
8.428797,0.8161116
9.655543,0.81368434
10.174536,-0.13806269
-17.320425,-0.13171375
10.741305,0.31401056
7.26188,0.9672591
8.8309145,-1.1917732
8.576004,-0.5101327
-19.585793,21.317953
-22.720308,3.5748663
9.785925,0.20821477
-25.703772,-18.20776
-12.929417,14.18906
8.455764,-0.09550038
6.212142,-0.30579573
-14.29841,13.098877
9.838964,-0.23349671
9.926142,-0.24407712
-9.499719,-5.3354425
8.229239,-0.19157782
10.460984,-0.2846231
-13.933309,18.751703
-27.735626,-21.680447
9.319277,0.23589084
-19.927628,-18.734686
9.938593,0.28537494
9.07208,-0.4013469
-21.458399,25.972889
-25.308271,27.729033
8.931174,-0.29865038
9.203896,0.19589724
-24.213478,-18.913427
-21.834482,-20.884295
8.227643,0.64817077
5.9644704,1.0014623
-14.736803,15.035006
9.15715,0.09204849
-14.18805,-16.209398
9.715919,0.119178064
9.711559,0.27343792
-25.185337,-18.51173
9.048521,0.46339628
8.14831,-0.81670636
6.315156,-0.11946473
9.095818,-1.169038
8.390576,-0.8439902
7.140911,0.39542055
9.254938,-0.38755557
9.088914,-0.65565103
10.288286,-0.3208088
9.530571,-0.2868805
-26.915722,-26.462559
7.223478,-0.67007405
8.814564,-0.8668215
10.927268,-0.29502168
-27.850744,26.161041
8.062739,-0.73101366
7.4994845,-0.55955666
9.249564,0.22724411
9.930365,0.3942555
9.213929,0.4985773
9.786883,0.8027324
8.7822,-0.63938123
-25.547052,19.589142
-24.87487,20.767942
-17.574997,8.594504
9.468848,-0.17871562
-14.590593,16.223293
5.1787353,0.4957377
-15.234104,14.925944
-27.198256,-22.15551
-19.317003,-1.1435984
-31.081097,29.080114
8.946263,-0.355493
-21.160034,-15.315476
9.6185875,0.51720816
10.819483,0.6420975
-23.51067,18.715456
10.2121725,0.7607315
-25.294506,-21.766153
11.300379,-0.2753087
-16.75403,-13.387831
7.376897,-1.397435
8.323887,-0.099434346
10.129394,-0.12773101
9.21167,0.4916735
9.186065,0.1536799
9.311487,-0.838079
8.011245,0.7321102
10.073932,-0.6197219
6.9680586,0.10235475
-9.533291,-5.2936664
-16.186306,-11.722651
7.5213733,-0.3428147
9.12216,-0.37614235
-19.333197,-17.844435
7.6794167,0.44268224
8.295409,-0.705243
8.83503,-0.5977274
9.407754,-0.6897988
7.773825,-0.39299712
-16.271975,-13.2382145
-21.038702,15.390033
-22.500284,-17.510227
7.930021,0.15484044
-24.404316,-18.59387
5.0589213,1.0867985
-1.5091958,-4.8680396
8.430767,0.56442666
9.074158,0.12362537
9.678152,-0.76375365
-24.84712,-22.328112
8.892171,-0.56038636
-24.177706,24.179998
-21.515806,17.597412
10.076916,0.10748642
-22.751055,-13.78941
9.360315,0.38096294
-12.9657345,15.0384245
9.6757555,0.0442025
9.950413,0.22712164
9.788759,0.019528111
-19.936586,16.025635
9.073183,-0.4645385
8.0821,-0.45554644
-19.904762,14.2083
8.227691,-0.34857002
-18.992548,21.312202
-0.16534904,-0.5228951
9.134393,-0.53702796
9.521495,-0.27297306
8.843079,-0.025057504
-14.003922,-11.294396
-13.990087,-10.723111
-19.960276,3.3343062
9.932987,-0.77947605
9.037492,-0.42080662
-23.339863,24.482224
-15.633614,18.16547
7.9787292,-0.72789973
9.99998,-0.03161594
-18.069149,-17.035292
-23.55137,23.58347
9.616207,-0.54119945
9.867864,-0.502977
-19.720524,-20.16361
-25.872265,-21.247852
10.086838,0.20734529
7.6019783,-0.53032917
9.83092,-0.23170744
-9.193388,3.3003542
-20.328093,-12.797571
6.3271127,-1.0529628
8.853436,-0.4358633
10.070844,-0.97116053
9.173272,0.67991465
-13.7942295,16.298855
7.041669,-0.1080247
9.983553,0.0034150006
8.561039,1.6780075
8.628128,-0.32870013
-16.000698,-12.872193
-24.948332,-26.813347
8.013506,-1.274931
-21.237305,-18.984741
-22.979189,-26.477964
9.875619,0.3938522
8.415858,0.37920228
9.076056,0.18234463
10.349189,0.39754835
-25.720907,-23.617128
-18.303097,-13.3143835
6.844191,-0.93798727
9.910388,-0.07311641
-18.393192,20.01167
9.257111,0.64505464
10.29407,0.43435895
8.607812,-0.021422287
10.179526,-0.48307142
9.550312,-0.009011655
7.737457,-0.4307745
5.1226563,0.06861601
9.235008,-0.212417
-14.048664,14.331694
-16.433645,15.470706
5.197983,-1.0855508
-4.5792313,-3.4357548
6.927193,-0.57621306
-22.591854,-19.928446
5.676936,0.553862
8.620601,-0.39606258
-18.681303,21.01974
-19.204641,3.6513534
-15.707836,15.995867
9.872325,-0.17477152
-17.91929,-14.015192
-18.430546,-13.110072
-19.502201,-14.580893
8.614041,-0.3537532
-30.083914,-14.436312
7.77015,-0.08876975
-22.401836,25.518293
8.682561,0.40858936
-18.012335,-2.084163
9.01482,-0.08978441
9.539964,-0.38051173
7.861346,-0.1871163
-17.35072,14.470495
6.459689,-2.3637424
-10.290599,12.057392
8.421718,-0.3644689
-3.8913212,7.0973625
5.1244287,0.48233056
-30.681847,28.384554
10.097909,0.15555915
8.232341,-0.015316711
7.082812,1.4334155
8.293204,-0.32729948
9.30357,0.28557387
-25.35333,11.660401
2.613884,-0.8481517
8.138449,0.23476902
9.553655,-0.47423023
9.725635,0.34294772
6.6534095,0.39118618
-18.489962,20.187796
10.160137,0.25560775
8.975065,-0.67865574
8.000379,-1.1912619
7.688997,-1.2780013
9.620157,0.32995108
-20.449007,25.095182
-22.43546,16.31528
7.8293533,-0.21357667
7.612194,-1.2397797
8.987375,-0.8514941
12.75853,0.64439964
-27.917097,28.337534
-20.341331,18.676367
7.4783754,-1.2168436
-16.924541,-12.7963295
-28.253447,-27.930515
9.180915,-0.37123555
8.821761,-0.2087844
-4.195548,-0.8669622
7.852368,-0.048604593
-25.441069,-22.688084
-14.632801,-15.509157
8.516394,-0.4070573
9.274081,0.41316456
7.7856116,-1.0672233
8.806982,-0.33269286
-29.41774,16.226404
9.40913,-0.29850212
-23.87114,24.744133
-16.224215,4.847152
-22.37441,18.091915
-18.600492,-13.777246
8.149081,0.66881996
8.726201,-0.33184934
8.667693,-0.22524452
10.657958,-0.07680648
9.032366,-0.34161565
8.508985,-0.30322793
8.335368,0.21408553
10.466577,0.26058182
9.980742,0.33997902
-24.790821,-21.79792
8.200209,0.2589869
9.051311,-0.4963772
7.445854,-0.09990278
-9.050066,7.481003
7.6476293,-0.6709512
9.524395,0.2802606
7.6010375,-0.5220898
8.444256,-0.14568901
8.481986,0.04018448
8.686559,0.20760629
7.864707,0.4313563
7.633992,-0.69195473
8.213683,-0.7850644
-24.446638,-22.674076
9.798894,0.1483408
9.332934,0.3088576
9.502518,-0.090254396
9.460666,0.30158845
7.4533215,-0.09298023
9.415832,0.18598235
-33.24097,25.901218
-22.586128,-21.18384
10.625232,-0.32301173
9.661332,-0.19937365
9.26819,-0.13033096
3.2540984,3.1094673
8.054269,-0.49549374
6.212525,-0.3551725
-21.780659,16.780931
11.3078165,0.12365911
-21.203398,-16.213734
-17.143398,-15.128664
8.828304,-0.36762255
9.528565,0.08640394
9.6220255,0.13971217
-12.206312,12.150121
7.762169,0.0982224
-13.383097,-9.598636
-21.681307,-19.681952
-26.57402,-22.984005
9.615983,0.12465384
9.649229,-0.022617975
9.279929,-0.3003617
8.600157,-0.47831362
8.360064,-0.60845715
0.4299428,5.297656
4.11404,0.025746014
10.431955,0.32207626
5.1795006,1.1628934
7.627978,-0.091449924
9.906001,0.27074105
9.769031,0.70361793
-0.5704812,7.5642753
9.832398,0.5500329
9.999397,0.04158028
9.584756,0.37324286
-19.14123,18.606617
-2.287017,-2.5032723
-13.802032,-9.926931
8.858514,-0.24792717
-15.79081,16.575905
7.898697,0.26865566
-20.934881,-17.571783
9.000576,-0.17898433
-21.768675,24.706612
7.353256,-0.38925683
7.8958282,-0.2353822
-20.2515,19.632927
10.217621,-0.17696407
8.889639,-0.64719087
7.9545465,-0.31809825
9.308876,-0.28463948
8.641375,-0.3399503
8.735058,0.19478516
7.6397834,-0.9769872
-26.062141,-20.796343
9.084623,0.30364177
-20.889627,-16.294655
-25.248922,15.16962
-9.788287,-8.493522
9.365812,-0.14612238
9.152056,-0.6183415
9.285644,0.20175019
10.039047,-0.13506153
7.778708,-0.2885575
9.533851,0.1270988
10.712835,0.18024358
8.495023,1.0031754
-17.473942,18.468836
-9.777535,-2.8980646
10.22339,-0.6471377
8.228737,-0.054890156
8.701587,-0.8458995
-11.408245,15.433331
-23.204636,-0.59309614
-12.664091,13.625813
9.583472,0.37155628
-21.257288,-20.85267
-17.480587,-15.327533
-27.610315,16.26988
-20.043413,-13.642426
-12.756728,14.35736
8.544714,-0.73358345
10.221916,0.60336524
-16.93476,-12.47094
8.8612175,-0.05259085
8.560747,-0.80094004
8.37192,-0.6562955
9.193641,-0.346768
7.9040976,-1.0685304
9.009902,1.3364991
8.113633,-0.18334565
10.682005,0.25322062
9.843274,-0.4580244
-13.479045,13.910259
9.727285,0.022564633
-8.946597,12.488293
8.8418045,0.5726762
8.589807,-0.42784214
8.457293,0.24327222
8.166669,-0.083295204
6.8366346,-0.90680796
8.834167,-0.370041
8.8217745,0.028507845
9.563718,-0.4112
9.618033,-0.91176754
8.407749,-0.40612274
-6.354735,-2.879871
-23.63914,3.2878428
10.39257,-0.21246962
9.564045,0.30788285
10.14495,0.64760303
9.742123,-0.30479845
9.97179,-0.117659874
8.00501,-1.3644507
-22.062763,22.801765
7.460595,0.1978174
-3.166153,-0.52954125
9.062122,-0.26810437
10.11485,0.4045525
8.576515,0.26324615
7.5819583,-0.4111925
7.5200415,-1.3636165
8.8519125,-0.45181903
10.164344,-0.7032121
4.3928,1.622258
7.4851937,-0.8830226
9.928987,-0.009232269
9.325523,-0.9485276
-27.160988,26.865116
7.4235315,-0.44832933
10.292481,-1.1016172
10.035492,-0.18268573
8.241017,-1.1208248
-2.7562447,-2.2086973
10.453128,-0.40053323
8.357436,-0.5628644
10.390287,-0.23662059
-21.177198,18.687134
-10.262015,-1.778735
10.188322,0.37655795
10.1254425,-0.11019663
10.197725,-0.09018406
9.501613,0.11726357
8.862294,-0.33381185
7.4494696,-0.068911955
-21.670378,-16.536283
9.339167,-0.69442666
-17.304195,18.382475
8.939321,0.49891093
10.092862,0.34873137
2.3925421,5.44781
8.018492,0.24929841
-15.025115,16.582106
8.635448,-0.54603183
-24.050446,-23.16037
-16.938662,16.044298
10.268104,0.15305874
7.800681,-0.20349626
8.757998,-0.8239427
8.363697,-0.39076468
8.750585,-0.37407625
6.102222,0.17340118
-20.496796,-4.3180404
-20.281813,-2.9051049
9.273191,0.80781966
7.813756,-0.37828478
7.555358,-0.75517434
8.118771,-0.4345682
10.42997,0.41750625
5.6267114,-0.62503946
10.06803,-0.3015567
7.3029637,-0.5023923
9.304148,-0.46137124
6.3165092,-0.959574
-25.63887,-24.332901
2.8086796,-2.829181
9.371875,-0.6160791
8.907421,0.35966083
8.769415,-0.24243668
8.035582,-0.20391347
9.946954,-0.6228196
6.0316887,-1.5103303
8.892292,0.21293594
-28.3245,17.58284
7.23677,-0.82969654
8.909535,-0.70144796
9.091969,0.643977
8.976365,-0.99916613
-26.78626,23.78062
8.769639,-0.0111376755
7.9068284,-0.3147901
10.236713,-0.37976182
8.805998,1.5531516
8.8253,-0.64427274
10.759654,0.17228568
7.57814,0.045179646
-18.406448,19.98571
-15.810562,-12.700666
8.410077,-0.7395775
10.00575,-0.2244446
10.9177,0.27988568
9.149762,-0.03102232
9.058955,-0.1893322
10.247378,0.2270232
6.3999734,-0.36619687
9.685251,0.37113902
9.398812,-0.39066994
-6.988776,9.478458
-27.475145,-27.338264
9.085442,-0.09139983
8.922525,0.45611158
7.3460536,0.50030667
-10.709558,-5.727049
9.293314,0.80321896
10.611985,-0.59209204
5.1858487,0.9421638
11.556166,0.46725816
-21.751062,-19.585798
10.603689,-0.21288118
8.997924,-0.06379468
-22.314884,17.498346
6.2504315,-0.39993507
9.7096195,0.1493443
-22.619532,-15.785949
4.67218,-0.5906096
9.569734,-0.26239592
-23.760197,21.568867
-36.33423,2.1076334
8.906496,-0.56672704
8.1843605,0.4688078
-6.5983787,-0.11434045
-19.519999,-15.081945
-9.408597,-5.132141
9.154653,0.21845727
11.131511,0.043772552
9.361869,-0.3677171
7.4764442,0.34458885
-20.351307,-15.298772
7.461466,-1.3380048
-27.729013,-24.178244
9.953748,0.18359694
-25.662426,12.397066
9.173662,-0.52310777
-24.410814,28.673574
8.156845,-0.49244142
9.576851,-0.017317459
8.343559,1.2893558
-5.31039,-4.843219
-23.847649,-18.994898
7.158025,0.24380666
-21.920662,-15.1496525
11.629784,-0.12754498
-21.545414,18.6419
8.789396,-0.11083079
8.635539,-0.84199244
9.136962,0.4322364
9.039206,0.18380028
8.120458,0.19618094
10.488984,0.36042562
-20.238525,-14.945171
9.006029,0.9856747
-33.610554,20.32479
7.798169,-0.9021232
-14.153725,-8.367666
-25.31914,-22.484455
9.123931,-0.4645384
6.746284,-1.2225922
-21.082708,20.456423
7.8201995,-0.18114294
7.1057324,0.40889215
3.8116512,-1.005884
6.690367,-0.2502388
7.895682,-0.14905378
-13.000032,18.942541
-19.08711,-22.015827
8.889166,0.27711833
10.4143,-0.23354493
7.683956,-1.2641653
10.579904,0.03748691
-18.982174,21.878733
-21.80925,-16.660532
8.40295,-0.27383673
7.793795,0.7603188
-20.93719,-17.019617
-14.187929,17.927723
-25.67208,21.919748
-25.972372,28.702705
8.8915,0.089020886
7.6453547,0.044269532
-16.481817,17.209562
8.86513,0.09140649
-22.239027,21.302944
9.448761,0.83385783
9.021372,0.27165776
9.788531,-0.21755616
9.303614,0.25440866
9.423994,-0.7617894
8.973838,-0.723957
9.130366,0.08853928
8.787462,0.18313418
9.22744,0.36821958
-33.058372,22.669304
9.184356,-0.20290361
5.7584176,0.008184333
9.445667,-0.17294724
8.799453,-0.8214224
8.229541,-0.51881725
8.73996,1.4652882
9.877672,-0.31533766
8.667895,-0.06492512
-26.060684,-28.374376
8.0466,-1.3613986
-19.626627,19.247906
8.11917,0.13582845
10.087997,-0.3461736
-17.447023,18.241703
8.87021,-0.07030217
-16.654852,-10.887363
9.100947,-0.266068
7.9796953,0.23303543
-19.68693,10.427017
9.098912,-0.2159381
-19.087965,-16.924892
8.905602,-0.19254978
8.89242,0.14062151
9.801372,0.41662404
5.5737977,0.40291584
-18.853863,-0.848385
-21.84358,-19.494099
-22.948277,-20.216343
-7.4326944,9.363082
7.604508,-0.6222432
8.981532,-0.076899834
-18.77894,-18.44642
-25.70138,-24.700214
-21.247738,-15.987524
8.227835,0.69054943
8.272349,-0.6290874
-20.084318,23.636786
-13.947268,18.465765
7.926735,0.1733263
10.058213,-0.17494123
8.610859,-0.45181236
10.586719,-0.11781139
8.653816,0.52920234
9.287735,-0.5134493
9.677337,-0.14690714
-13.012993,17.181036
3.5585146,-0.73039865
8.19923,-0.016165785
8.555354,-0.31624255
8.748423,-0.57185256
7.715236,-0.2969591
9.509864,-0.090817384
-23.952326,-23.923517
10.193639,-0.43653044
-27.070755,-25.96014
8.425513,0.10978705
-29.554281,-22.407415
9.121041,-0.3008079
-14.659924,-9.856349
5.2316203,-0.29387614
9.519728,-0.4066817
11.543462,0.03062834
9.0650015,-0.23008405
-21.281008,-14.320829
-13.039192,-9.283212
-12.999373,13.502083
6.3897038,-0.88309366
8.407251,0.116316244
-24.559355,10.842013
8.9028635,-0.12366796
-23.57062,27.792103
-13.628196,-10.839001
8.367751,0.048417676
8.185131,-1.2557658
-24.34342,7.3759003
7.68306,-0.8665678
-18.443243,25.255316
8.988381,0.3578761
9.364444,-0.41945222
9.290515,-0.26926315
8.101466,1.2570363
-11.62868,-3.2125843
-14.801933,15.829198
8.908119,-0.5594278
-19.415188,18.1172
9.050696,0.04076508
10.241819,0.076343715
9.688936,-0.4300217
8.468765,-0.2606285
-19.497566,-16.73124
-14.410473,16.73608
-30.333435,-25.17153
-19.08553,-19.630917
-9.864584,-1.7831321
7.3375893,0.048076697
9.393015,-0.9272224
-19.952667,-14.591122
9.347352,0.50278765
9.404103,-0.41357183
-13.13469,13.8562565
9.563811,0.113604605
9.315758,0.0006955136
2.7867954,-0.9259296
10.10059,0.088514596
8.146744,-0.316963
8.584801,-0.24846467
9.755764,0.055478465
-20.959217,-16.898586
10.485721,1.0758322
-28.261255,-23.717226
-18.330599,17.910137
-14.213606,-10.720693
-14.649761,15.6920185
-20.531883,21.186903
11.108096,-0.07625749
-17.60205,17.134289
-22.515131,-16.37463
10.87365,-0.31651038
9.534624,0.44346344
6.258169,-0.49733317
9.205578,0.22014989
9.560062,-0.13332392
8.682812,0.3345022
-18.36676,-16.932201
5.359102,0.13875969
8.082137,-0.9424406
9.865915,0.22182263
7.935325,-0.8043721
8.202301,0.094104365
9.760433,0.342625
-19.541418,7.7250586
8.846458,-0.5006852
9.910606,-0.29282925
9.4328575,-0.33488122
9.635877,-0.30436862
9.330207,0.28145432
-22.821505,0.86816865
10.253521,0.23377794
11.717871,-0.057323992
-21.573174,24.718382
-17.163872,18.497158
-8.984674,-7.526035
6.9940352,-0.3170416
9.109038,0.17414062
-18.629171,-14.178536
10.580397,0.5838141
8.634513,-0.57740283
-23.83112,-16.781065
7.785676,-0.24508047
8.472171,-0.3205544
-20.920233,-16.276646
8.649195,-0.31982368
-28.62812,-26.733912
9.056217,0.35892487
7.533103,0.0826195
9.4226,0.9895669
8.591138,-1.3419428
8.8232155,0.40872416
10.316558,0.3259211
-20.296698,-3.5166144
5.552704,-0.21400641
-28.977243,-29.815868
9.745678,-0.41769904
2.360347,-1.4555644
7.4369497,-0.53729683
-18.618975,-13.9317255
9.362953,0.3380544
9.334405,0.27883884
6.158522,-0.4218909
9.918029,-0.19012529
11.203143,0.18946868
9.316333,0.67990625
7.9911,0.285214
7.1695414,-0.40527245
8.133704,-0.2555833
-36.646233,19.84503
9.195884,0.36772752
8.608188,0.23020715
-27.569817,-27.307148
6.3844404,0.24104783
8.49838,-0.2714134
8.410465,0.27964422
7.3933496,0.42420313
-19.859098,20.791056
-27.949532,29.2847
9.13914,0.99077517
9.907075,0.71446943
6.9498844,-0.41803417
6.8783226,-0.5301001
-19.094263,22.111563
9.438179,-0.39814052
8.700878,0.12798718
7.8543777,-0.36071292
7.8811936,-0.48282903
8.610906,0.3271191
8.144379,-1.114619
8.608423,-0.4254807
8.251196,-0.79299414
9.810807,-0.38648584
8.68076,-1.278834
8.681882,-0.4714188
9.157826,0.24139734
10.841513,0.13475272
-25.258678,-23.724516
8.387746,-0.35588214
-23.975983,29.023472
-19.685165,20.921217
9.25844,-1.2117035
7.0774555,-1.0561117
7.7827344,0.74124795
8.279165,-0.68310344
-27.739328,-25.695616
9.816806,0.17073731
8.69355,-0.82438064
-25.526798,12.373349
9.852405,0.35724673
8.776351,1.3935741
-18.367903,-16.390001
-18.708115,21.596058
-14.511718,13.691663
7.195153,0.92593235
-21.262585,-20.331476
8.513382,-0.27934417
9.459332,-0.1547311
8.204321,-0.61466664
7.1414275,-0.7177671
9.228954,-0.22012712
-14.978868,4.7925267
6.9591107,-0.6034145
6.486541,0.59633803
10.834374,0.88031185
8.148386,-0.68800014
7.986679,-0.8292853
6.8501034,-0.62513447
-16.008959,15.690876
-26.816553,22.055447
7.508857,-0.6388781
8.427545,-0.3166738
-11.976773,-13.919767
8.58382,0.49600255
6.16759,-0.23085879
7.5994587,-0.73917997
4.5476913,-0.18823774
-19.264338,13.239804
9.478017,-0.5662044
9.33938,0.12465338
9.832497,0.21491987
10.94851,-0.09045841
9.603143,-0.005235434
9.750777,-0.24572271
6.5223603,-0.37140116
9.119745,-0.23271224
10.497463,0.76953954
9.084205,0.23226264
7.9354916,0.7902822
-23.109007,23.880922
6.8840413,1.0511398
9.78447,-0.05073747
8.804026,-0.007823654
6.3963776,0.30506292
9.61464,-0.05209764
8.092734,-1.520861
-16.213253,-18.173067
10.129422,-0.18654464
-18.418938,22.54364
8.60592,0.28707102
-6.850418,-2.6654272
9.723714,0.08703296
9.561091,-0.5324052
-24.483753,19.872986
9.340097,-0.22307013
9.5156,0.6872933
10.115356,-0.5385818
9.174354,0.0011940816
8.907095,-0.33352467
10.158116,0.25947234
9.173923,0.21302426
-9.058385,-2.1210344
7.040569,0.6423736
9.20585,0.070280075
9.765459,-0.44893765
8.306313,-0.2823018
8.1674185,-0.55632347
-21.169878,-15.872449
10.271643,-0.24382922
8.843863,-0.41688785
8.553079,-0.55441034
7.996234,-0.5159287
7.5192814,0.45662966
-7.323202,-7.8004084
-14.129283,-11.783198
4.1737957,-0.6961296
8.1318,-0.8152908
9.821059,0.00024010439
8.527549,0.10455182
8.638276,-0.31196052
8.247305,0.14271766
-25.05987,-18.095121
7.1346445,-0.027820004
8.433056,-1.0751458
9.007512,0.1051722
9.183003,-0.31099638
9.048769,-0.44269377
6.8597226,-1.4495101
7.679966,-0.6287044
-13.36929,-3.100657
9.244715,0.10332927
8.090935,-0.74137235
9.331304,-0.8545575
8.781274,-0.15138067
5.1865845,-0.90189224
8.672722,-0.08639238
-22.965757,20.841354
10.49174,0.38057265
9.330956,-0.009197697
7.9685397,-0.48329517
-9.524862,-2.2282765
9.600902,-0.20150226
-21.54328,25.3262
7.869601,-1.2315712
8.143587,-0.23293495
-17.124044,16.531805
9.369686,-0.28205138
8.345867,0.37436745
9.795572,-0.6944897
-21.597141,18.42794
7.6525965,-0.45944712
8.61149,-0.44369924
5.381827,-0.67034847
-19.750658,-15.208739
-22.331438,20.984919
3.1646621,3.6452875
9.764683,0.07646081
8.153556,-0.83870095
10.985218,0.20775336
3.323649,-0.39101893
-19.844093,16.854876
7.3634725,0.08798178
10.090198,0.024403889
8.839882,0.022709182
-18.603346,18.397404
9.571037,-0.46760896
-27.403597,24.705534
10.064588,-0.45336592
-16.06688,14.233376
-21.559351,-15.198083
-17.267199,17.58826
-14.817505,17.405584
8.523687,-0.4468504
8.180585,-0.6473906
8.566846,-0.71092474
-21.10569,-8.640435
-16.703478,-11.290957
9.334012,-0.2881718
9.739613,-0.8262901
-17.30883,18.474686
-16.567543,-14.024088
8.4740505,-0.3600795
10.204424,0.11721509
-14.909733,-12.715307
8.827603,-0.80106044
7.9319353,-0.9768717
9.136364,-0.5788945
-16.765965,3.7295647
5.408253,-0.6751843
-23.654379,-20.168093
8.979421,0.77410847
6.841337,0.5090421
9.170422,0.15194681
8.302843,-0.5371646
9.074369,0.3381619
7.547567,-0.2685649
8.320083,0.24582915
8.474663,-1.043385
9.489864,0.05046872
9.486247,0.7100379
8.479209,0.38177863
-21.274616,-16.591877
-20.536993,-16.069153
7.544719,-0.3288942
9.303651,0.01819338
-3.2964854,-10.326676
8.594922,-0.30700442
-20.98284,20.457724
8.492944,-0.6248851
9.878841,0.47706017
9.087553,0.064527966
8.795787,0.61390036
8.948323,-0.37116128
9.277817,0.14515409
7.5881,-0.32998836
8.2582855,0.5410848
8.451071,-1.0759708
9.067373,-0.6342811
8.970803,-0.71422905
8.751507,0.3328446
9.172802,-0.37232357
8.6506405,0.14158738
6.7068887,1.1297367
9.8399105,-0.6681574
-23.87628,-19.911974
7.5318274,-0.85008484
10.288075,0.19731985
6.336924,0.12359392
9.678798,-0.31491432
10.447662,0.4079772
11.964526,-0.07597554
-18.491884,16.902933
-8.803374,-6.6294613
8.572579,-0.42718256
11.2072,0.34219286
8.67896,-0.2102466
-19.519432,-16.949125
-20.209654,-15.28644
7.952633,-0.5850686
8.0053425,-0.17961143
10.078573,-0.23227635
-21.632082,-17.082767
-18.079725,15.878923
10.374943,0.13957062
-17.877014,20.566856
10.140725,0.21979924
-21.840761,-25.757425
8.19921,0.25930664
10.758007,-0.11330864
8.522501,-0.026634
9.891956,0.43186766
10.332403,-0.19406809
7.3524466,-0.19338806
-12.018674,-11.277193
9.399209,0.27512583
9.953829,0.046336837
-10.7679615,2.0983727
9.052035,-0.5693913
-6.6924605,-10.414553
9.858853,0.18950851
8.252648,-0.115847096
-32.912796,-26.911295
9.301299,-0.35860598
8.641752,0.47553188
8.580633,-0.18055312
10.639358,0.032106172
6.4853683,-0.013341187
9.441852,0.45072407
9.242312,-0.07228391
9.169277,-0.7893681
8.167939,-0.58315074
8.864706,0.029594295
-20.79258,-19.775818
-20.054945,-15.588914
-11.228525,10.452352
7.7679806,-0.28107822
8.668067,-0.341033
8.417634,0.17207016
7.10897,-0.68643975
-24.93988,14.711537
7.5352955,-0.11774581
9.004119,0.2282361
-24.595634,-5.346416
9.34456,-0.07896706
8.2984,-0.29675475
9.411188,-0.887453
-20.512169,21.687965
7.4669056,-0.67352104
8.997699,-0.555392
-28.774431,-27.92736
8.900302,-0.27874404
8.022327,1.9428737
-19.793707,10.164325
7.2558737,-1.1626772
8.552602,0.9019022
11.855848,-0.4872946
9.645313,-0.32198954
-29.343237,-23.70603
6.5911303,0.99823654
8.635417,-0.078845575
-20.17029,1.7997837
8.470709,-0.19172688
-0.9665072,5.5250793
-11.602584,-11.112574
10.224698,-0.009651127
8.12982,-0.6017627
-22.057375,21.596836
5.4114337,-0.5325906
9.12313,0.2449544
8.395803,0.024767203
-15.880579,15.816754
8.881859,-0.7882174
9.123097,-1.0880768
7.7887325,-0.980994
8.231946,0.71646863
-20.62375,14.109075
9.913607,0.059935246
-24.345703,18.72606
-3.6170397,-3.4793348
9.036379,0.32852632
4.9561853,-0.27553403
9.918833,-0.09940505
9.101385,-0.59001046
-16.644976,14.087835
8.800195,0.3336139
-16.937244,21.23214
9.100325,-0.28206357
-23.311907,-18.49157
-19.927355,15.344545
-15.196424,-11.031102
8.804627,-0.7750774
10.502458,-0.017408235
10.442325,0.19688345
9.277682,-0.09380497
-12.75989,14.505706
9.088519,0.36635152
10.399591,-0.057062868
10.856663,0.30495846
-15.310239,-13.8328085
8.633479,-0.14903815
9.614842,0.4991973
8.708347,-0.41071302
-30.251947,-22.672205
9.065126,-0.1497264
1.0935955,0.18508545
6.549385,-0.21315621
6.472787,-1.2898315
-13.390882,1.2430876
8.846256,0.13278528
7.1924286,-0.6836703
-26.272392,-26.534975
9.603394,0.014926544
8.298545,-1.4852574
5.9696703,-0.03727815
8.784137,0.098238155
8.936473,1.4787401
4.8580613,-0.17537868
10.181802,-0.1950106
-28.455849,-27.768139
9.214184,0.4604751
-20.880577,-17.702265
10.133179,-0.55094326
-20.274015,15.6900835
9.496279,-0.19793463
-11.573593,-10.599017
9.2393675,0.0479618
-18.021492,19.13935
8.069889,0.5673746
7.828885,0.042903353
9.983505,-0.14282748
9.520238,-0.106355
7.530803,1.394833
-31.560873,-27.658426
5.7605314,1.3402402
8.980765,-0.29551247
6.7555614,1.1741409
-19.096724,-16.36409
8.777981,0.32194126
9.837137,-0.2384076
-23.463247,-16.259918
-21.800747,-18.519575
7.3329268,-0.57195765
-14.263767,-14.211008
-19.33564,-15.334093
8.808175,0.27802745
-19.086672,-17.423193
5.939845,1.7960674
5.8157134,-0.6515858
7.8287644,0.6260748
9.825141,0.74131036
6.02666,0.038630027
7.660974,-0.77008367
-18.611092,-12.695829
10.299721,0.42365545
10.323377,0.36272165
-20.443848,-18.33679
9.152662,-0.47768137
8.446595,-0.4393894
9.663465,0.27502513
-26.333746,-25.216776
6.734007,0.51189363
8.630184,0.16146442
6.6779866,0.007980463
-27.80316,18.902037
6.218339,4.195988
-19.71218,-15.059089
-28.286335,-25.645342
8.52963,-0.19740885
-26.243639,23.776812
-17.653028,15.727306
9.044377,0.014223969
8.255342,-0.50475377
-13.402318,-9.022562
-21.683367,-15.126523
-31.109247,14.005396
-20.665684,19.334991
9.834442,-0.13335167
-28.680206,11.267891
-12.135232,13.982187
-23.583708,-6.2055016
8.918276,-0.40948692
9.666768,-0.0011532211
8.31304,-1.0360628
8.831376,0.008956152
9.291984,0.3759093
8.782495,0.23508206
-30.51497,-22.239185
-22.066374,-17.762438
-22.229458,0.89757895
9.634552,0.1548349
-20.660473,8.168328
9.163053,-0.3617225
9.535916,-0.24610023
-11.5277195,-1.4061071
-27.531052,13.206095
-13.983667,-10.984398
-9.915251,8.642181
-22.138292,-22.15718
9.978141,0.020412624
8.828422,-0.39983273
5.57653,0.87274945
7.2450676,0.97197664
8.062229,-0.4422764
9.101771,-0.5897448
9.098332,0.2654467
9.033339,-0.2188572
8.207974,0.47388572
7.6996884,-0.16254647
-19.578583,-20.932497
8.444004,0.52413255
-24.519678,-22.05212
8.116347,-0.5542738
9.337423,-0.59235674
8.432466,-0.47664797
9.925636,0.085344575
8.846073,0.54414964
11.323585,0.043534365
6.946346,-0.9078716
-18.750734,-15.972821
8.80809,1.2205889
-13.842691,-1.7547051
-24.22873,16.8367
7.148901,0.19427949
8.491541,-0.7816646
9.168478,-0.66003644
7.033219,0.38131532
7.46591,-0.383958
9.826119,-0.47529015
-16.199612,18.073637
9.094698,0.23758386
9.959681,0.28351873
9.514679,-0.003128533
-24.206593,-18.995852
-15.34527,12.008142
7.3878875,-0.73966545
-18.521307,15.639211
9.245326,-0.2708821
8.082637,-0.011357618
9.713423,-0.16457987
9.483296,0.586179
8.105726,-0.48801613
7.8624187,-0.049823146
-10.715584,-4.2441025
8.596961,-0.6621492
8.408118,-0.6584948
7.640197,0.1000602
9.971164,-0.14733006
9.412853,-0.104926564
9.947275,-0.5746769
-16.86553,17.409054
9.751728,-0.13988376
9.402598,-0.10631421
-21.241806,-16.343569
9.719419,0.038890842
-21.061098,21.516836
-12.209216,10.425533
-21.611008,-16.990776
8.647012,-0.7119093
9.138576,-0.6935261
10.507518,-0.48969385
-20.575224,9.509245
-24.10688,-18.965004
9.055467,0.03188951
-25.454609,-0.6756114
-33.83631,26.91458
-22.482504,18.529257
-10.069417,-5.3720694
8.720349,-0.04818395
9.44001,-0.52796906
9.163305,0.52560055
-11.002775,-4.157786
10.607413,-0.8981043
-18.830296,16.360043
8.985515,-0.6873991
7.6305914,0.19256988
4.175795,1.2835106
9.781763,-0.49395722
8.918609,-0.42462826
10.171642,0.6174784
11.641803,-0.1194482
-16.935556,16.906038
-24.855474,-17.279747
8.422887,0.92182255
9.029476,-0.53690916
7.839426,0.16665432
-20.725191,-17.196587
8.290928,-0.31495845
8.819845,0.37534314
7.977608,-0.5036017
-20.1291,22.969582
7.554245,-0.8234674
8.555087,-0.07468951
8.90657,0.36015627
-24.049726,27.421104
-21.239578,-21.296282
-14.87878,16.915434
9.135857,-0.7290365
-19.394922,21.049868
9.123772,-0.25548536
10.116281,0.22886682
7.887314,0.16139604
9.553493,0.37134057
10.053629,0.3772608
10.514969,-0.1464488
-24.283548,-18.09466
9.54866,0.3001488
9.044108,0.85492706
7.454821,-0.48407707
9.870276,0.1815633
-22.329794,-17.18016
9.710195,0.051963817
9.82767,-0.2725854
6.8912673,-0.191134
6.9579597,-0.31599873
8.46744,-0.2891943
8.597586,-0.21222016
7.0976305,0.9752158
-25.747015,21.529808
7.940879,-0.14879306
7.038348,0.46282384
8.809047,0.19474682
8.871123,-0.4328992
9.76914,0.03844746
8.669262,-0.73306113
-16.171022,20.3105
10.208867,-0.1651937
9.927661,0.47775736
-6.2905655,11.6938505
10.041735,-0.0528646
-17.26581,7.4962907
-26.877766,21.960182
-27.29318,-25.991917
9.830955,0.22758803
9.419651,-0.9039005
8.625121,0.20386535
9.345168,0.14451754
-12.961796,-11.547605
4.9651685,0.6728141
8.387353,0.09909572
9.342275,-0.32656276
9.856096,-0.2882024
7.7448926,-0.38420686
9.148477,-0.50860286
-18.256931,-17.214602
9.62897,0.2619122
-18.133135,-14.981569
9.451081,-0.9951336
11.31413,0.5133667
-17.755436,-13.60549
-12.018886,-4.978466
8.157032,-1.1954787
-22.655216,-19.486393
-17.46021,-12.423009
10.64553,-0.19191508
-9.16962,-3.0722077
9.66947,-0.89328176
-24.116356,21.088554
8.873211,-0.019757688
8.686752,-0.36505023
8.303725,-0.5581462
-22.894573,22.555454
4.543645,-0.3893208
9.42558,-0.34232968
-19.170448,20.359583
10.190502,-0.43054312
8.148638,-0.9023733
-11.020811,-14.589688
8.831882,0.11541617
10.093371,-0.30059344
-21.364267,25.926826
-14.939195,12.00273
8.74566,-0.3647146
-17.863598,-11.220941
8.222718,-0.5944769
10.0526085,-0.51764625
7.2545557,-0.92226785
8.257638,-0.1534238
8.379652,-0.036315195
7.1885037,0.5083704
9.197387,0.26718652
8.754205,-0.71935993
9.81603,0.21499498
8.977918,-0.49405828
9.055039,-0.07559101
7.338464,0.27114552
-19.725344,20.658827
10.343877,-0.21543282
4.299158,-0.4191014
8.048923,-0.468444
-27.117811,-15.0379305
9.147623,0.31828478
9.575639,-0.59059596
6.89105,-0.7025532
8.13195,-0.67543995
-23.406319,22.995287
-15.32992,17.34722
-15.987905,21.920124
-17.222607,-13.245879
9.202088,0.4782404
-24.077969,23.325712
-19.802418,-16.226717
9.725181,-0.25084653
8.702811,-0.54194105
-18.807804,-13.727288
9.29465,0.007975434
9.383334,-0.40897223
-19.393631,22.189724
3.4696472,1.0669346
9.508372,0.12428527
7.3981647,-0.7996455
8.49754,-0.5501688
7.379989,-0.57347155
8.183055,0.05180469
9.299911,-0.007512143
9.127287,0.7538694
-16.988693,17.547935
8.129625,-0.12037792
8.995176,0.92386276
10.481725,0.51906294
8.880511,-0.36043572
-9.369125,9.068005
8.401714,-0.13936086
9.282983,0.6307312
4.6205306,0.0059015234
8.533933,0.15948531
5.8316846,-0.875192
9.944161,-0.4579832
8.834816,0.2335998
-19.974796,4.7831016
10.209778,-0.15254553
9.794866,-0.51002604
9.767685,-0.18653858
-20.978882,-15.235092
-18.197035,19.648859
6.003831,-0.16617396
8.671777,0.24065572
7.772371,-0.042256095
9.18461,-0.05653737
9.037808,0.44906238
-22.431105,21.20161
-31.360653,-25.49234
12.221237,0.7866191
9.095121,-0.47982937
4.1856556,-0.610712
-21.587788,21.341827
-15.35153,-10.660561
10.275161,-0.19781365
7.856619,-0.76245743
-27.870483,-24.700113
8.423441,-0.80346996
9.698412,0.23647606
-27.089624,-28.971731
7.661916,-0.4967376
7.8121533,-0.09028759
-23.885555,-22.55659
7.931052,-0.2761666
-25.222479,-19.064035
-21.82136,18.22752
8.492365,-0.6383899
8.409344,0.36034733
9.624171,-0.32786357
-29.850903,20.779799
9.1526785,-1.0886493
9.93079,-0.26011872
9.694232,-0.13372679
8.96755,0.22190829
10.197389,-0.085109584
-21.627861,21.04284
9.995832,-0.87832874
-9.253919,7.0618935
8.78663,-0.40803972
8.6921015,-0.46769938
4.6898103,-1.4122717
8.658434,-0.23321047
-11.263038,-9.5014
5.532149,0.5456254
6.7252107,-0.65146154
-16.583153,-12.616703
9.483983,-0.799873
4.100973,1.9169487
10.690928,0.25883183
8.798527,-0.29246843
8.581215,-0.48127255
9.897027,0.19553803
9.46503,0.5330362
-17.320133,16.006432
10.011284,-0.01320932
9.273097,0.4830232
9.169859,0.17100939
9.571945,0.4664963
-25.471895,23.243036
9.430335,-0.3150765
8.825914,0.16349854
9.088042,-0.17888188
8.861527,0.1498521
5.7948794,-0.5160176
10.909187,-0.122181706
-17.988705,-12.838554
7.4693613,-1.154456
8.453775,-1.027044
-16.556995,1.6895396
7.6630034,0.14222634
9.600423,-0.28512138
7.806621,0.3099174
9.25448,-0.66541344
-26.961409,-27.679874
-11.99917,14.138511
11.063921,0.47573113
7.789924,1.0399704
2.5016303,-2.301937
9.220591,-0.6100691
8.528212,-0.08233909
9.322351,-0.18481503
-6.6831975,-9.5195
7.7186933,-0.7309882
-8.328167,-1.0562673
10.997939,-0.010315603
4.784319,-0.7833612
9.797345,-0.23193356
-23.270374,17.16914
-7.7301927,-0.08460133
9.924388,0.20953193
8.850586,-0.4906968
7.836392,0.6554665
-19.173786,19.52862
8.105155,0.035793692
10.656593,-0.095622726
8.779651,-0.51395214
8.45056,-0.62210506
7.8764815,-0.38671178
9.421889,-0.19404261
-24.417767,17.462074
-14.276465,15.418278
-28.640112,17.18872
8.147081,-0.49166217
-22.629578,27.709814
-27.247292,12.963481
8.838556,-0.05514834
7.197122,1.2214814
7.9545455,0.5600146
10.538688,-0.040393706
-15.087648,5.4404354
5.3562365,0.67769164
7.718775,-1.2900459
5.8781023,0.39388323
4.8131056,0.21830676
8.455425,-0.3457104
-24.390995,24.99354
8.759131,0.6646757
8.985125,-0.25437495
4.1916184,-1.229323
7.9143806,-0.6389827
-23.918722,21.225645
-19.464445,-14.893801
10.024881,0.7281938
9.069347,-0.06333498
-19.969606,13.609887
-17.63862,19.961203
7.982138,-0.5793292
-15.3371935,-6.4389267
9.843019,0.7172094
9.113481,0.4939382
8.829751,-0.17448248
-20.003124,-16.983418
-23.564556,17.851381
8.363196,-0.64878625
-14.885977,-8.131715
-23.956545,24.226122
-18.901722,19.754993
9.088112,0.52397525
-26.163246,16.402931
-16.283625,16.36285
9.471306,-0.10008893
-11.051182,10.64254
7.6084027,-0.5157789
8.8227215,-0.104905486
9.468043,-0.7922647
-21.188293,-15.896289
-31.861538,21.540104
7.591695,-0.57745886
8.277797,0.29290387
7.976474,-1.0602552
7.3649516,-0.75833535
-23.597727,-17.083576
9.172696,-0.35349062
-22.86403,25.98943
9.205038,0.11803562
10.144486,-0.59000385
-31.84705,-29.104847
9.611672,-0.15646288
8.192586,-0.30467504
10.621948,0.20266145
9.57431,-0.1975487
-23.074251,22.697943
-21.317587,21.125113
-21.173569,21.929798
-25.819138,-22.773348
10.067261,0.72458947
-9.683148,-7.3212256
9.861875,-0.1860997
-19.368887,22.90181
8.5179205,-0.045279037
8.803331,-0.7411427
-14.32672,-12.58682
-15.992115,19.621685
9.7528925,-0.5775424
-32.360004,20.903362
9.970444,-0.105364844
8.439835,-0.4425074
8.794691,1.6658919
10.073993,-0.5845903
9.6251955,-0.22390679
9.67571,-0.18366477
9.167204,-0.76165867
7.8778143,-0.29411942
8.65217,0.14060263
9.376314,0.31916
9.840631,-0.30009657
7.0556765,-0.54292923
9.825362,0.097843766
9.239223,0.014384113
8.886705,-0.95846474
-17.888859,-13.77312
9.95869,-0.9569269
-15.585346,17.628572
-18.037888,17.294146
8.588978,-0.5825269
9.99385,0.15762514
9.971788,0.21501015
-5.548421,-8.546316
-29.030264,23.75358
8.40308,-0.19749345
8.155893,-0.850891
-23.745499,-20.35854
9.609197,-0.15719476
8.857187,-0.009693441
7.6558795,-0.48108834
7.4032016,-0.019883037
5.1899753,-0.41808158
10.538489,0.0350954
-20.280647,-15.722862
9.660304,-0.14591157
10.266973,-0.5850489
-27.4327,-24.720806
-23.742517,29.96874
8.046348,-0.67180115
8.551654,-0.6020577
8.913046,-0.6404549
10.5338125,0.21555889
8.417341,-0.16224758
9.332387,-0.5803718
-28.423151,28.419817
8.567809,-0.49737176
-18.073708,22.60696
8.433142,0.053328905
10.083184,0.19393091
8.929229,-0.28528696
8.591903,-0.11844456
-15.647861,16.235504
-25.780365,18.503952
7.5755434,-0.48014644
-17.631876,-12.3214
8.441769,-0.1906621
-5.0867496,9.483889
-14.109708,-4.096057
8.579235,-0.5189219
-19.38512,-13.420113
9.15742,0.36035958
6.980438,0.38300762
8.185114,0.99490917
7.730216,0.023061316
8.42394,0.19737755
8.587001,-0.5037384
5.93804,-0.7377815
8.616776,0.78677815
10.758711,0.10636046
10.088062,0.25114387
-24.630056,-24.929337
6.4820065,-0.7749745
8.36837,-0.91334605
7.9677734,0.74444443
8.992506,-0.15866607
-21.523914,-4.708985
-19.942242,1.3361402
8.216753,-0.29431474
8.178785,0.4156131
8.139508,0.39251015
-20.146618,-16.478462
9.372938,-0.256765
-7.8388453,15.99545
6.053978,-0.168348
8.6214,-0.2710945
9.630628,-0.06565487
8.059762,-1.164065
9.221945,1.0423944
9.588364,0.16190031
9.465799,0.37204173
-24.116318,15.832346
-19.042461,14.212064
-21.305368,-15.507447
9.517633,0.5648642
8.443252,-0.56686044
8.474053,-0.35425243
-23.16088,-27.174238
9.074331,-0.58471674
8.375771,0.19580431
10.402946,-0.18641752
-23.675875,-18.665918
-21.552273,22.86356
1.2546321,-5.4346123
-17.152155,-15.253628
9.943967,-0.6903763
-18.724993,22.565617
0.4125474,6.3448353
9.926509,0.04081073
10.002041,-0.50194764
-21.358683,24.611742
-29.962322,18.946957
9.696473,0.101680994
10.48744,-0.23722461
9.827651,-0.50931436
7.858303,-0.22341333
8.302811,0.06867849
9.735642,-0.8075811
-29.980595,-25.997652
-30.20325,18.478914
10.71854,-0.14624606
8.592101,-0.5881649
9.652951,0.32154253
9.241122,0.02058283
8.076408,-0.7051268
6.5909843,-0.48241407
9.510289,0.016490048
9.512798,0.41283292
8.661646,-0.5407109
7.7362666,0.09646644
-27.436754,28.5546
9.6019535,-0.2739686
9.590663,-0.298586
-15.868013,-1.5133232
9.287098,-0.1714945
-26.38713,-22.01125
3.7116785,1.3379647
9.798853,0.35067296
10.479432,-0.2524853
6.349627,1.7984344
7.9140244,-0.42176503
9.610686,-0.022873897
-25.456396,8.853228
8.0539255,-0.49842522
5.2850385,0.038041778
7.905723,-0.6760025
10.811404,0.8440392
-14.41932,-12.926167
-17.708921,-14.637169
8.373709,0.24390505
9.154612,-1.0267326
8.039245,0.48566
7.773382,-1.0235571
-25.592134,23.00007
-15.648154,14.381116
8.58058,0.3171849
10.877663,0.32177293
7.89336,-0.49796575
8.585401,-0.59819734
-21.522253,11.885094
-25.20558,-18.652157
9.054301,-0.074615665
-23.59221,-15.289049
9.177832,-0.4425014
-13.336737,14.70377
8.693851,0.35301763
10.340448,0.32992333
8.811525,-0.34926385
9.756397,-0.2659787
7.603607,0.25691357
7.9680486,0.13103019
7.14588,-0.67633104
-18.835297,-16.481491
6.1316147,-0.8272542
8.9979315,-0.031299535
7.301587,0.60014564
-19.999949,19.525934
9.506045,-0.2516922
10.403638,0.2430793
-21.192038,21.079393
9.017771,-0.39764085
-19.361717,16.657995
8.690404,-0.017347042
-23.942839,30.130772
-26.960564,30.940718
-7.790912,-1.0441915
-7.8618994,-3.2854824
-19.72307,16.789148
6.736987,-0.72355694
9.922219,0.62244344
9.5923815,0.5983833
8.7171755,0.1479678
-21.077679,19.601334
-31.019503,-23.599344
8.088793,-0.5078643
8.146042,-0.7592192
8.266259,-0.74613243
8.745794,-0.48718724
-23.76604,-17.393944
-18.29962,19.941933
7.9268093,-0.00088995585
10.272864,-0.47479358
10.235573,-1.1189289
9.288873,-0.27591366
8.569594,-0.18997438
7.918024,-0.47566095
-17.806482,-17.577467
10.840638,0.24286401
8.571423,-0.5216402
8.826443,-0.41897783
9.049652,-0.89433706
-16.620468,18.658623
8.179673,-0.82340544
-25.68578,-21.481577
-17.320757,13.422553
10.354364,1.2324886
-29.4203,26.394371
-2.8339965,9.473789
-12.297735,-9.514268
-12.31843,13.525139
-29.03274,19.266846
9.332943,0.1987941
-33.662056,16.439024
5.841699,0.22140959
8.621265,-0.28895697
9.264508,-0.8854291
9.675605,-0.9445164
8.171975,-0.6400417
8.417622,-0.16858818
7.533748,-0.04590171
9.024708,-0.89837456
-25.462175,-21.032787
8.1693945,-0.20090169
-7.806868,14.029165
-12.960403,-11.2370205
-20.079613,-16.201569
8.759747,0.99022526
-19.564444,-17.282747
9.709088,-0.103769176
8.9539585,-0.5507197
7.783404,-0.90303
8.843034,-0.10574831
7.6786985,-0.27514935
9.518091,0.44109407
-8.812554,-4.9931736
-4.9366083,13.453608
-18.025867,-14.071464
6.9665537,-0.62250775
5.1033087,1.6873025
8.747731,-0.45900977
9.242639,-0.37423417
9.739641,-0.37080196
-25.203693,28.95988
-12.032133,17.27855
-19.259209,20.227613
10.637648,0.022539955
-26.413557,-18.040184
9.0068245,0.059871823
-26.285324,-20.099785
9.733363,-0.7968346
8.920715,-0.03321348
7.3144026,-1.0194612
7.3775396,-0.92791593
-20.732338,24.264946
8.106808,-0.63238156
-23.608385,-22.453201
7.413042,-0.25534344
6.9493394,-0.8731634
8.653798,-0.5250332
8.75307,-0.6265525
9.501671,0.04296989
8.323423,-0.84780157
9.64341,-0.24260068
7.7192755,-0.42391986
-13.069817,-10.095524
8.313891,-0.39170286
8.040042,0.5469982
10.085007,-0.9096262
9.764434,0.2672026
-22.513504,18.860813
-7.8926353,-1.6758294
7.78259,-0.85517913
-17.846848,15.528048
-14.433812,13.827704
9.119205,-0.56104124
8.624188,0.2582494
9.053566,0.20473348
6.914445,-0.19030467
-21.750593,-16.306448
9.450279,-0.52168894
-13.749868,-2.0076187
10.170221,0.7713411
-20.24495,-14.642172
10.075908,-0.16176225
-18.757526,23.552057
-27.386621,30.816204
10.599025,0.4444863
-10.259234,-3.1453485
8.914462,0.083735
-16.205824,0.11405094
8.971941,0.16644911
-32.140724,-35.574554
8.068244,-0.82856756
10.079657,-0.08281798
7.7450385,-0.08823863
-10.289066,-4.246841
9.075879,-0.9424893
10.249078,-0.07166515
9.561242,0.29507422
8.96736,-0.076881595
3.0777488,-1.6883578
10.4594965,0.1577167
8.446743,0.40462106
9.777988,0.29100958
8.796476,-0.75586545
9.940293,-0.21185319
8.121981,0.084536396
9.585936,-0.4518357
-19.102243,-13.476839
10.029814,-0.19005246
-29.945387,17.043528
10.641111,0.18033205
-14.20438,-14.16974
10.156141,-0.005545257
-6.8078485,3.8232377
-12.360414,-13.312865
-31.337955,-13.2586975
0.3805938,6.652883
8.507273,-0.21127687
-4.3580337,9.881774
8.506178,-0.02180904
8.119915,-0.0071559735
10.605457,0.13168252
3.658196,0.74150085
8.688844,-0.43223846
10.569628,-0.53283805
-16.422926,-9.106159
9.842856,0.67658
8.322084,-0.6879724
10.193529,0.21244071
9.458743,-0.7297433
9.027533,0.6881433
7.033174,-0.08575244
8.814099,-0.38694927
8.764184,-0.23040941
-17.9686,19.022493
8.32329,-0.35035807
8.67378,-0.5890605
9.941166,-0.3893433
9.454764,-0.22793941
8.917183,0.20253529
-19.75246,-20.12166
10.822251,-0.29170448
9.185495,-0.35777116
8.911725,-0.2793834
-24.405424,-23.428274
7.93931,-0.49456087
7.722219,-1.2640831
6.4081182,0.35186425
7.847039,1.4332373
9.758892,0.0014396851
6.8574586,-0.598857
9.199765,-0.35564733
-8.381856,-9.513577
8.979173,-0.21675223
9.194062,-0.14537643
-18.001722,11.855655
-25.59453,-25.005352
7.3308177,-1.035105
-25.080149,20.03696
5.470859,-0.053222813
9.771956,-0.010778816
9.786801,-0.14978643
-16.792326,-12.7897415
3.9422345,-2.9616313
7.127393,0.61312056
8.420066,-0.65950954
9.689854,-0.24625391
8.06788,-1.292717
-6.464852,8.533861
8.871456,-0.39461175
-28.5686,-23.13524
-1.3024249,-4.9051676
9.205388,-0.54072124
7.7752843,-0.10381627
-27.02331,-22.37452
9.045681,-0.19878025
11.1451845,0.30535084
6.354681,-0.0049106386
10.325258,0.16404118
-4.5758824,-4.23203
9.882537,0.88829476
8.437467,0.15187107
9.934,-0.41834083
8.371212,-0.0583273
7.686768,-0.33040228
8.303262,-0.6391944
-23.818426,-20.631664
8.752954,-0.13742572
-22.57522,26.074038
9.490741,-0.29777595
10.135542,-0.1537748
7.411674,0.32457265
10.271441,-0.24711128
-24.028673,25.396734
7.73501,-0.14861912
-20.653606,21.060417
7.42927,-0.30993026
6.7198906,-0.11270599
6.923141,1.8843749
7.5362234,-0.4323515
-14.469973,-12.761614
-15.111078,-13.035099
-13.205312,14.204486
8.709828,-0.865558
8.444694,-0.16763419
3.1125762,2.28653
9.7156105,-0.7571284
8.060163,-0.10994738
8.817199,0.067831345
9.98143,-0.9392258
-22.965551,-19.485918
7.882531,-0.20413814
9.003122,0.12493213
9.134514,0.2615706
8.965904,-0.78753144
9.250314,-0.3298815
7.7238293,-0.8940655
-24.994171,27.076567
-17.264027,-12.641876
9.445766,-0.40508315
10.233696,-0.38839498
9.554113,-0.6156131
8.427546,0.6903247
-19.476229,21.649086
8.970673,-0.7415227
9.412734,0.13048805
9.319433,0.103842154
-20.524517,22.860617
10.183581,0.1412944
9.35222,0.042589564
7.1437407,-1.0313792
9.838787,-0.43360046
8.256502,-0.21328121
9.95023,-0.20839769
10.636532,-0.37824026
8.454617,-0.6680539
8.717948,0.21153013
-5.5251923,1.6548388
9.36919,-0.5223097
5.5119553,-1.5245726
8.002574,-0.74986655
9.257567,-0.27312773
-18.38981,-16.095503
-23.052011,6.133719
7.911196,-0.28820542
9.126475,-0.9807813
10.916169,-0.44785428
9.241735,-0.34700248
6.586871,-1.1131445
7.4853635,-0.11056732
8.813917,-0.25310427
-25.082798,19.886333
9.647463,-0.80291903
-17.542751,-13.545433
7.8737073,-0.8783217
9.607232,-0.23824795
8.628493,0.09915631
6.296132,0.47286552
-18.475481,25.293045
10.807964,-0.050761003
7.900861,-0.122126564
9.65229,0.67538655
9.127681,-0.15134041
7.7509794,-0.65025157
6.985334,0.3974828
9.162748,0.2125895
10.640232,-0.23048458
8.593355,0.28001866
-24.813261,-19.586079
10.353448,-0.4580794
-4.3055334,10.501168
8.974734,-0.029889453
8.816423,0.7344433
-20.025593,-14.744571
8.097104,0.21297953
9.760907,-0.56733096
9.833512,-0.10503028
-22.541307,23.52606
7.792662,-0.8028185
-24.118448,27.841705
-20.001318,21.547955
7.7876124,-0.3247098
6.9058394,-0.0030474726
-18.596188,20.116653
7.470218,-0.2841685
-30.303364,-23.264303
8.883049,-0.40881795
10.894586,-0.4786158
8.693529,-0.93457097
7.6439605,0.27693632
8.69383,-0.37147596
10.467653,0.40641662
8.201857,-1.0351607
8.686687,-0.027801057
8.629006,-0.7063634
10.444859,0.63350976
-24.567928,-23.26422
-34.28658,21.178743
10.316062,0.64979345
8.421078,-1.1333823
8.959697,0.0012258639
10.0327635,-0.29059812
9.601189,-0.2809071
10.357117,-0.03192504
10.010738,0.3510527
8.553176,0.18511115
7.362676,-0.13643643
9.678692,-0.04338928
9.232333,-0.194544
8.167402,-0.48277637
-28.859823,-25.318691
-7.672682,-3.8763037
-26.983677,-22.642498
8.370706,-0.18568555
9.845074,0.74363035
8.779976,-0.36504364
6.1346207,-0.70271826
-22.780691,1.3635828
-28.59122,-23.930532
-20.860817,19.758648
6.325433,0.4066175
-12.25499,10.206969
4.689417,-0.096234985
-20.515413,-16.066319
10.095545,0.07628206
9.14233,-0.48205644
-26.099407,-23.522745
8.593,-0.71288776
8.317131,0.02248169
10.56476,0.3213074
9.192463,-0.43914258
4.9776573,-0.36341816
9.127959,-0.76015526
9.005206,0.093490645
-22.538254,15.798014
11.475009,0.24649362
-23.604141,20.98458
9.91872,0.58042425
-18.905588,-8.906005
9.6027775,-0.59710157
-24.586502,26.482285
9.904413,0.26130402
7.6152616,0.5892523
10.675534,0.44240636
8.893791,-1.0077834
9.471957,-0.050867382
9.142784,0.58333844
9.502933,-0.8855819
9.945761,-0.23528741
9.03801,-0.39205855
9.203009,-0.53950316
4.708755,-0.2382798
-16.655865,16.370348
9.51106,-0.14408283
-21.66017,22.572048
10.2734785,-0.16276409
9.133944,-0.52354246
8.90637,-0.57271373
8.731821,-0.93476593
-23.761005,-19.25418
8.856518,-0.039959323
9.503626,-0.15596877
7.4725747,-1.3157498
-17.693346,19.503267
9.855018,0.24620734
-21.39386,25.774054
6.619729,0.10894087
4.9205275,-0.90448564
9.157583,-0.60342777
10.203044,0.7134343
9.362295,-0.22178671
9.232314,-0.12249799
8.857153,-0.31018186
6.9280133,2.2922187
9.448791,0.12530795
7.409056,0.51719904
-17.98008,14.014657
-20.406824,15.574188
9.559292,-0.9847557
8.243771,0.98504144
-17.960703,-13.660828
7.706672,-0.50793886
7.161752,-0.24694583
-22.735432,-25.156103
7.1132355,0.33820784
-21.054413,-13.844515
9.105376,-1.1324548
-22.646431,-11.916742
-16.872477,-15.790371
-28.964613,-22.65056
0.72040594,1.2694477
-17.214567,-15.45546
-22.146608,-18.013226
-33.61312,-28.000849
9.142093,-0.20480637
4.3732634,0.6329995
9.660067,-0.4606903
9.084882,0.5465986
8.9108715,0.26633912
-31.095697,-25.456482
8.695363,-0.28626665
5.5715194,0.15775988
-17.843613,16.13098
7.1343217,-0.5294974
10.21633,0.2805174
9.71941,-0.6495926
7.472959,-0.6618005
9.971867,-0.38033733
10.282148,-0.35324648
-24.426538,-22.056208
-23.609085,18.419575
-15.735692,-3.9109054
8.598331,-0.7690832
7.8970737,-0.38061613
-22.15303,-17.457535
8.886082,-0.3876746
8.581002,-0.21093889
10.02993,-0.46137697
8.334525,-0.47627193
9.583527,0.17861679
-15.695147,16.080402
7.32677,-0.27306953
6.2941823,-0.8758713
-26.688883,18.321861
11.117553,0.5364954
-22.852524,-16.566875
8.009823,-0.6008235
9.498109,-0.13333859
7.3105,0.005830107
3.397476,-1.4946485
-23.20776,-21.21819
10.5911455,0.12677467
-20.990515,-19.985516
-23.204823,-21.114756
7.466069,-0.27517512
10.582351,0.12345578
5.2255163,-0.11760253
-13.432039,-13.428844
5.5933576,-0.15990905
9.631679,-0.17535791
9.833647,0.1984314
9.153713,-0.33699355
10.0940895,-0.4112345
9.301906,-0.36424908
8.018436,-0.45358387
5.236368,2.1079528
7.967399,0.21467246
9.798709,-0.8659404
-12.956205,12.791306
5.0691133,-1.2983415
9.689762,-0.29527447
10.44035,0.25362778
9.790029,0.20504244
-17.654314,17.04502
9.264259,0.14949146
9.425715,0.24845482
9.351018,0.5489308
8.210144,0.39692917
9.76842,0.035915487
9.372006,0.34918448
8.825675,-0.30182478
10.072384,-0.10663786
-24.948246,18.852518
9.820312,0.21648385
-7.1684365,9.863645
7.9851184,-0.33982158
10.81605,-0.43589115
10.071193,0.29417524
9.24785,-0.6139624
9.773457,-0.5285643
-20.31578,-16.319033
7.928691,-1.835053
-15.893741,-10.207673
-24.953163,11.586094
-16.586372,20.252014
-15.292852,14.9977455
10.755845,0.6936244
-10.292278,12.751932
-20.320887,-18.111092
-16.197588,-13.722305
-16.79317,16.404118
8.987599,0.43005523
10.431456,-0.33024806
7.931336,-0.00991111
-15.216014,-12.942625
-17.413145,0.9605083
9.571913,-0.6125861
-23.730576,-13.404997
9.410754,-0.79270685
7.975124,-0.2436079
-11.893424,-9.652327
10.26786,0.54287475
9.113082,0.9082896
9.134404,-0.64475024
9.945553,-0.28245667
7.788027,-0.65746737
-20.033525,20.256367
-9.411281,-3.4708803
-11.744869,-10.6891
-5.9542174,0.38920105
7.870166,0.33497977
10.027948,0.4807511
9.049723,-0.62545615
-23.533878,26.360794
-23.033665,18.104803
10.142105,0.3213256
-17.442049,10.894914
-24.018873,21.419086
9.136923,-0.80030626
4.6326685,-0.35688674
9.184949,-0.7021994
9.692526,-0.34599197
-30.036257,-6.028794
10.053698,0.011496774
8.492684,-0.5954381
8.437637,0.3790708
-20.676105,-19.43175
7.578163,-0.9659172
8.947638,-0.029827772
9.3671665,-0.23712166
6.2427692,-0.33676815
10.015009,-0.25117704
6.840789,0.0013983438
9.248706,-0.1280221
6.6239223,0.76387817
9.2049,-0.78444254
8.752464,-0.36401233
8.550606,-0.22892518
8.546944,-1.2515334
7.742119,-0.26813427
9.564194,0.5652251
-22.699621,5.8663087
7.311808,-0.6062704
7.7055826,-0.5626833
11.072204,-0.16124715
-8.109386,7.6014447
8.350253,0.21768591
10.365609,0.7368454
-15.372941,18.380993
3.7887897,1.4542179
8.566081,-0.37076482
8.422366,0.0471702
-21.36892,24.420626
8.715103,-0.12207836
7.777125,-1.0848076
-12.953128,-9.023383
9.861459,-0.66669255
7.378007,-0.76513517
-24.931095,32.880123
7.751257,-0.14290062
6.8065305,0.96198523
-11.322829,7.546556
10.146698,-0.05738044
10.53828,-0.53692186
-22.158886,-21.82791
9.386382,-0.5698406
7.877169,0.16898298
8.939062,-0.799247
9.836321,-0.0019768511
-29.473856,6.8119044
8.051618,-0.01468547
10.078191,-0.030696591
9.112339,-0.32714927
5.203675,0.81657696
-19.604431,0.7630549
-23.088001,17.962315
9.839757,-0.29298693
9.48852,-0.19296993
6.679019,1.5053151
5.346899,0.3973702
-7.9111023,-4.38424
9.4604225,-0.15629517
10.199688,0.3160549
7.3406377,-0.8827826
-20.486555,20.864033
8.788137,-0.33142656
9.108767,0.026190985
8.591273,-0.7106714
9.912392,0.6620108
8.902328,-0.13746719
-25.273579,-23.753569
-17.763144,14.029293
8.465774,0.12670799
9.829508,1.1593701
9.370148,-0.030162893
7.939026,-0.598128
8.472414,-0.34759757
8.354179,0.33242992
10.875016,-0.061129812
6.4891286,0.6849957
9.223561,-0.6744112
8.235252,0.18411574
7.482451,1.2635107
9.475255,0.25276905
-13.217354,17.409937
2.8160338,0.09647044
-19.278883,-8.584346
9.388542,0.054044228
8.131347,-0.6326461
8.680187,-0.7457987
9.456611,0.46657088
8.682765,-0.0034735997
-27.312101,-21.863409
9.592187,-0.28048578
10.088062,-0.5399971
-20.968,-20.770426
6.3431635,-0.9650713
7.292732,-0.76745707
-27.78567,-24.763393
9.72609,0.04795803
8.749249,-0.8817183
8.409489,0.55908805
8.472884,0.40993288
8.586858,2.023986
8.966377,1.4321132
10.462795,-0.22150472
-21.042484,-13.919416
9.773896,0.00333104
6.8569765,-0.4354987
8.23851,0.14995824
11.365731,0.08746682
10.258627,-0.41239387
-19.520065,15.75439
6.5674224,-0.18373555
-2.6024842,8.799352
-18.172848,20.078335
9.031939,0.20602135
-22.604156,21.554749
8.164866,1.1059954
8.157143,-0.67741317
9.182614,-1.2149081
8.169689,0.3064577
-11.690881,-9.315094
-21.160692,-15.71417
6.552728,-0.78017074
-12.432355,-9.480988
7.460106,0.72567433
-26.076674,-26.14179
-13.834384,-16.380072
-26.406443,-22.975704
-18.276873,-0.8924267
9.452086,-0.24290472
9.63798,-0.6926809
9.2149515,-0.14588456
-14.081415,16.530584
-19.212406,-13.80035
10.313935,0.5196121
-24.227125,-23.719475
8.567508,-0.042701747
7.924001,0.33636746
3.690512,1.1612936
4.4920816,2.0894542
8.551357,-0.59908754
8.249628,-0.07624921
-21.143557,-16.865442
9.68559,0.5662713
-7.2095985,-3.003441
9.118158,0.29242426
-15.189997,-12.128965
10.245747,0.16460034
9.881064,0.44142962
-13.738831,-11.568088
8.926308,-0.7856264
8.450383,-0.9581238
8.877992,0.036743235
9.239225,-0.4172628
11.490832,-0.25836328
9.385385,-0.9722167
-30.501987,-26.867659
-19.86637,-16.097466
-20.397083,-14.645724
-18.861391,15.886491
8.086553,-0.28885254
9.472341,-0.6217053
-20.514025,23.86855
9.400721,0.142386
-17.766556,-0.30258524
9.451836,0.35276055
-20.83785,19.845032
9.801926,0.6368011
-13.621222,12.740186
10.007738,-0.4282477
-21.05345,20.9813
-13.825942,14.533423
-17.419582,-12.676646
-26.974371,15.676608
9.043012,-0.12581646
9.020224,-0.3516996
9.473459,-0.63920295
4.9842505,-0.60062677
9.020381,0.08313396
-25.071917,-18.901209
9.630492,-0.38119933
-21.919142,-23.59153
9.658003,-0.3834602
-23.649527,28.811886
8.299011,-0.6367433
8.888001,0.38687295
-12.107313,-9.982924
9.520691,-0.217585
-22.320843,14.472547
9.675278,0.15925539
8.500757,-0.7906662
-23.446186,-24.932453
9.676836,0.2164742
-14.306228,-10.310099
9.03745,0.03388351
-23.774677,18.724102
10.245553,0.534119
10.247099,0.26530042
-26.51861,6.492703
10.0050335,0.040872227
-21.5937,18.071302
8.405058,-0.099148385
7.9420576,-1.08059
-22.2085,-17.725677
-17.306135,-1.6962546
9.481292,-0.117605336
10.295592,0.09545565
6.617687,-0.05763874
-29.359583,29.42974
11.818808,0.17408806
-20.335407,25.60185
11.095118,-0.03371842
9.023581,-0.19278717
8.859264,-0.39329094
-22.89126,23.575518
8.791047,-0.97983944
8.735354,0.59073025
3.2404237,-0.48664173
-15.352723,-7.878136
-18.642874,16.995888
-19.346952,-16.232815
8.001821,-0.81231254
7.6920624,-0.016267378
-21.106895,-18.815287
8.76314,-0.5884895
-17.767355,4.741434
9.642483,-0.27982646
-8.885276,-8.410188
-20.416847,-15.431376
9.198755,0.20826478
10.134228,0.6750501
-23.716251,-17.123676
-26.476223,18.484638
8.176768,-0.748953
10.0535145,-0.18289852
9.851007,-0.4652117
-18.307163,24.112576
8.461569,-0.6758464
9.969645,0.5751892
9.212069,0.24430944
10.080664,0.9010193
1.42371,-2.3692386
-11.717023,-14.720904
9.82996,0.2121199
11.06879,-0.21515587
9.023783,-1.0209533
9.559618,0.059370305
7.7663507,-0.5410688
-33.293083,22.630524
8.410921,-0.34515598
9.704317,-0.4638805
8.43717,0.47885233
11.043347,-0.16698703
10.179554,-0.22070171
-15.175866,-16.227703
-17.770798,-14.633835
4.4222426,-1.068046
8.889465,-1.0760951
-16.100681,-13.800599
9.259735,0.40833914
9.4742775,0.025179138
7.825929,0.31925854
9.6286,-0.51597697
9.066164,-0.31519982
7.066239,-0.4481235
9.294468,-0.23689789
9.402115,0.11345383
10.916433,1.1794443
9.062916,0.66941524
-22.04536,20.8245
8.276476,-0.40108186
-14.6413965,14.367709
8.678719,-0.55476445
-25.367455,19.197945
9.106327,0.105230086
8.464905,0.83466834
9.591991,0.9597087
3.768139,-0.61629766
-11.558342,13.531753
9.751906,-0.062102538
7.1413326,-2.7792406
8.857186,-0.4266842
-15.53132,-11.170678
8.749296,-1.016015
8.252938,-0.6341203
9.298455,-0.37896872
9.074397,-1.0779444
6.1295505,-0.7475656
-15.672749,19.581945
9.928819,0.37242067
9.715313,0.6485185
6.401224,0.16626796
8.781474,0.009294973
-26.66277,27.797646
7.4831142,0.106951006
8.964537,0.8120905
8.962374,-0.81665605
-20.36714,20.256392
-12.776872,9.719091
-15.843602,-16.659283
5.527557,0.20015049
9.693757,-0.066328704
7.889463,-0.039187543
9.113555,-0.078471966
9.1203785,0.44844368
-24.930431,-23.316856
-31.723444,25.67697
8.398255,-0.61989707
-24.526787,-16.883778
8.304928,-0.5787479
-28.550842,-26.702227
8.888355,0.832294
-24.420767,-0.4566896
7.331002,-0.72692794
-9.467206,-9.334693
-18.339516,17.234314
-28.620743,31.982542
9.318842,0.21120246
7.6364417,-0.12618883
-26.400024,-20.068878
9.740869,0.41562262
5.915969,-0.12000208
-23.757994,-15.344124
10.284787,-0.5313212
9.043498,-0.1646357
9.020178,-0.40752497
9.394218,0.46101373
8.831991,0.48686668
8.789004,-0.6266649
8.308096,0.0072066095
-13.859098,-14.081398
9.534226,0.5970907
8.536371,-0.39901212
-11.567519,13.221954
7.5597425,-0.247115
-11.600999,-8.771796
8.330738,-0.250981
9.297091,0.03989533
9.362288,-0.41785666
9.339315,0.53724885
10.148961,-0.10928384
8.523595,-0.6656575
12.439902,0.51844585
7.1200566,-0.56243527
8.144951,-0.7930332
-15.5568285,-13.924161
9.025649,-0.008239357
6.296837,-0.5279922
4.9678063,0.03744137
8.683075,-0.060156066
-15.635694,-2.6658404
-20.124119,24.408064
-28.502668,-14.329342
7.9767075,0.051390298
8.283209,-0.22476466
9.663219,-0.45638934
8.351602,-0.34618047
-22.005032,-19.788706
8.906413,0.27553272
-23.702372,-1.1988063
-18.960756,-19.65499
-15.733482,-14.478438
8.4239025,0.24825822
9.376228,0.07980667
3.0168993,-1.0993546
-19.590591,-12.738523
9.742764,-0.01518602
8.883124,-0.61577964
7.2353625,0.6879627
9.446605,0.32765052
9.51538,-0.45066407
8.262268,-0.30248716
-20.653017,21.45689
8.217146,-0.13789354
9.563789,0.7556344
8.327795,-0.04994098
-14.451424,14.718931
-0.19928846,7.249488
7.2808948,0.27059814
-16.05127,13.549078
-19.815891,-13.560499
10.151456,-0.26262867
-17.816048,16.64498
9.017547,0.1726176
-20.743694,-17.086512
-14.878666,10.412064
9.275329,0.25841513
-21.771782,24.391907
-8.592566,11.312079
9.291938,0.25528923
9.685824,-0.06956604
8.16338,-0.049965654
7.9124727,-0.9233812
7.5648217,1.0040617
11.188442,0.6932575
7.879876,-0.4098179
-23.628115,-18.00526
7.470254,0.18068084
-13.713442,-10.044552
9.986183,-0.7175999
-19.925457,-3.6220756
-13.377369,-11.544849
9.471621,-0.10560414
9.818617,-0.9109906
-25.766335,-28.075947
-22.23211,20.547455
9.244034,-0.5210864
7.613287,0.47606292
-27.297798,-23.474485
3.545177,-2.4699721
8.588281,-0.2578417
7.5667796,-0.6545086
8.5548725,-0.7556152
6.9830503,-0.62009114
9.032748,-0.24316056
7.5144167,-1.19459
10.089966,0.078176074
7.0239563,-0.6887724
10.311235,0.0352797
9.132743,0.08683118
-23.87109,-17.636965
8.829708,0.07543601
9.0624275,-0.69206536
10.2884445,0.51154506
5.0358143,0.84044564
8.150142,-0.36795568
9.41602,0.024084331
-19.674562,22.180363
7.719231,-0.34105808
-15.975404,-10.012423
9.189715,-0.071376756
8.967673,-0.10318252
9.132534,0.853227
-15.02202,-12.527268
8.98645,0.28595605
9.812281,0.11727849
8.594698,-0.12653507
11.663765,0.50876
8.217583,-1.0929797
9.775472,-0.077917196
8.190202,-0.26271218
9.340948,0.50987893
8.502294,-0.26123005
9.312366,-0.9136703
-26.689919,-28.823767
-21.751198,25.993868
9.77724,0.08662747
9.774072,-0.35772243
-28.156738,-21.038122
10.382328,0.105313845
-27.200417,-24.83609
7.5886416,0.324432
9.494938,-0.2159129
7.7469187,-0.6465438
-7.5422964,-2.070697
3.2069986,-2.7155104
-20.83863,-24.261658
10.430566,-0.2582566
-19.568726,23.865728
4.595647,0.2348564
8.077663,-0.20792511
-19.716072,18.85662
-18.287409,-16.701046
8.778441,0.9115119
8.191385,-0.39603364
6.837466,0.6070884
1.8144608,1.0373558
9.502491,-1.2650645
9.853584,-0.1774778
9.05498,0.011070601
9.255933,0.15804312
8.441818,-0.37245715
7.3072305,-0.65017784
9.788837,-0.30755898
-10.986505,-9.253797
-20.421299,14.578352
8.57587,-0.2885593
8.084872,-0.76247823
7.7177296,-0.49869353
7.816347,0.3444878
8.46422,-0.41264933
9.657329,-0.12500761
7.9984126,1.1231962
10.049591,0.3762707
7.6676455,-0.4175167
10.929407,0.3069551
7.81477,-0.63520586
-16.47772,15.381695
9.640577,0.10102167
5.8545413,1.397713
3.9751155,-3.075397
-28.943464,-10.433787
9.275466,-0.29002595
8.739443,-1.0125443
-26.385681,-0.56367266
7.666321,-1.0470697
8.615031,-0.6056293
3.3594685,0.0011476649
9.610508,-0.44848013
-21.67352,-21.08664
1.5835227,4.7606416
9.80331,0.41916007
9.325323,0.030548789
-31.098509,-28.499146
8.005792,0.16115788
8.426337,0.18979575
-24.214148,-9.448702
-18.6714,17.000837
8.9207945,0.37869442
-23.03265,-17.804745
-15.15748,-12.069344
-17.588285,-12.350827
9.502493,-0.028030941
8.108639,-0.48908627
6.577993,-0.5259664
-10.612003,-11.324705
9.250206,-0.3360438
10.718097,-0.20130652
9.779895,-0.06479639
-35.382454,-32.574364
7.151481,-0.2103295
-15.862774,-11.855958
10.163752,0.258761
9.423387,0.042506877
7.561952,0.7317737
9.554407,0.49615008
8.237897,0.72680354
7.2743254,-0.8527516
8.976141,-1.1863146
-11.415316,-4.6976166
8.189193,-1.0776023
8.359861,-0.1718032
5.8766828,0.6406022
7.5286636,0.64297986
7.6708717,0.028626258
-15.5207815,7.0632224
9.249012,-0.040193826
8.858237,-0.2597039
6.701202,0.9402417
-26.023752,28.809282
9.4664955,-1.0233208
8.7260475,-0.2686273
9.024295,0.31244838
7.912751,-0.72367567
8.912245,-0.41909337
6.330892,0.45771787
9.627922,-0.4830642
10.0611105,-0.41280323
9.475821,-0.15301086
-8.468411,11.68905
8.268541,-0.29661983
-21.712193,24.054886
9.273224,-0.55161047
8.108198,0.24395216
8.576861,-0.40921837
9.467037,-0.3104853
-32.059963,-25.551538
8.85928,-0.13986458
-28.041346,15.291252
-23.022934,24.89878
10.031908,0.2905153
-26.496988,-20.784678
-18.494946,-16.1687
-13.740666,13.880516
8.114944,-0.48669058
8.24472,-0.8430712
8.159343,-0.44384056
-25.86907,-24.196411
8.651693,0.071376815
10.569531,0.25505725
7.69485,-0.12764741
7.798855,-0.7468353
-18.508492,-13.2200165
7.0009365,-1.073877
9.823646,0.48266864
-18.79687,-1.9334276
8.854873,-0.6045934
-19.355745,-13.860763
8.845547,-0.5841198
8.844128,-0.6740888
9.049989,0.23176382
-21.362053,-20.381575
-29.063662,-14.389557
-16.917517,17.300625
-15.495916,-6.7671294
-25.282015,-23.815355
8.370666,0.31647307
-18.85698,-12.908683
-16.35611,-10.899614
8.821046,0.1033515
8.598167,0.3432913
8.877033,-0.7127357
-25.090492,-18.349333
6.5657387,0.16987702
9.895607,-0.31834048
7.643723,-0.0024289559
9.916758,0.001934766
9.407651,-0.3743211
9.050154,0.5407948
-23.087408,-17.002481
2.7941961,3.6374793
-10.745736,16.222418
2.6026568,-1.5545354
-24.25835,-23.587812
10.98256,0.5369405
3.9675899,1.8279905
-20.377354,21.042456
8.035176,-0.46521226
9.535712,0.22093427
9.04898,0.03809674
-41.38989,-26.846937
9.924436,0.30983952
9.092329,-0.2943812
9.397508,0.17304263
8.923458,-0.18651193
-25.48171,27.7633
6.9221325,0.3414046
10.574982,-0.04056272
-22.507675,-18.113226
8.993847,-0.119346045
9.65723,-0.37727755
11.331558,0.52562
-15.6997175,-11.448464
9.338931,-0.2881459
-2.358658,11.520605
-13.635525,15.926595
-19.092916,-13.61722
9.166093,-0.5586495
9.805885,0.39605233
8.119606,-0.7355646
8.882788,-0.5154549
9.46749,-0.33719194
7.141805,1.1241648
-23.35575,-19.619232
-16.05857,-12.601588
8.4093485,0.33930883
-24.807224,-19.140741
6.6050115,0.24034958
9.15127,0.23799685
5.6526237,-1.7486552
10.085607,0.34665
8.760644,-1.0231535
8.327651,0.46904108
7.4636827,-0.30089566
9.513601,-0.08732904
2.8476484,-2.3252351
10.746498,-0.103235014
6.2247677,0.5023863
7.212345,-0.9610083
9.771334,0.41470665
9.750267,0.29419127
8.489787,-0.23983224
-11.562222,-10.62272
-20.268097,22.649761
-24.234219,-20.202188
3.9961262,0.21831138
10.805051,-0.13554913
7.742426,-0.0629523
-20.759361,-17.596716
9.2831545,-0.24393444
7.6983104,-0.03736441
-21.177406,25.060781
8.541816,-0.113043435
8.977116,-0.33960864
9.843613,-0.474853
-21.248297,-19.767895
9.121498,-0.48652652
9.367644,-0.16416053
-26.30226,-19.917757
9.37963,0.25578523
-14.193911,15.578113
3.626477,-1.128147
10.332866,-0.21576957
9.533381,0.5181363
9.911466,0.69684637
-24.120045,19.899374
9.420572,0.7401038
10.401578,0.31725115
9.863513,0.031102544
9.634832,0.0942786
-28.172289,-24.568607
9.772209,0.16275328
8.8125305,-0.4103467
-20.365162,20.3702
-22.51251,1.8853785
8.159098,-0.45702624
-9.871467,-1.4110013
-19.373915,18.9166
9.884554,-0.019564772
-19.491758,14.103839
9.628075,0.21803196
8.755458,-0.4016993
-4.0674286,-4.6864223
7.937291,-0.030702986
-16.367186,0.87301224
8.447567,0.17195529
9.229523,-0.6285494
-26.827583,25.477987
-19.00687,-16.183956
8.585909,-0.8076734
9.120341,0.2900107
-24.75127,22.479698
-21.31539,-24.42647
9.6018505,-0.4230513
-16.282967,13.75487
8.2514305,-0.46734872
10.221501,-0.14676856
-21.550549,-21.230482
-27.622932,-26.274536
-30.327148,19.334335
7.298604,-0.037336484
10.025842,-0.08245035
9.37626,0.030780924
8.9868765,0.22405183
8.647608,-0.90444237
8.990498,-0.3734842
-15.199383,-2.6770363
9.28612,-0.38990584
-17.597057,-13.585424
8.091712,-0.28587857
-23.010527,-20.35753
6.642366,-0.34226453
7.446973,0.5654266
6.506764,2.1241486
8.234592,-0.3172324
8.7867985,-0.2436598
9.316899,0.26489007
-24.767885,-18.457996
9.560412,-0.1594122
7.978137,-0.014522397
8.781767,0.051794626
8.194438,0.08590268
6.164872,0.51065564
7.1987305,-0.47914788
-21.080393,-16.076204
8.52336,1.4077328
5.9002824,-1.3755404
9.954274,-0.022723166
9.366916,-0.18106377
-30.396925,11.37052
-24.694984,23.105986
9.555861,-0.606762
7.9197197,-0.45040628
-24.312004,-7.2539573
-22.725697,27.507097
-0.498397,5.7310443
-29.064655,14.732754
5.4889503,-0.13989346
-19.92826,-18.236866
10.275815,-0.36995852
9.042559,0.54598796
9.462713,0.04456823
8.920969,-0.060731858
8.759112,0.079526655
9.506684,-0.23077618
-24.353079,22.577328
3.8239439,-0.74754995
-29.193823,23.617739
6.8273864,1.0631037
9.397585,-0.46093318
8.967283,0.41191795
-11.859941,-9.3156395
9.164304,0.1025328
8.867937,-0.10471481
10.033146,0.5095744
8.389753,-0.50916916
-12.245737,13.441223
8.29479,1.0167716
-32.167557,9.183309
8.583579,-0.7772227
10.03314,-0.5642058
9.459359,-0.4976918
8.417915,-0.77141553
8.160912,0.59142894
8.903352,1.0420905
8.855817,-0.12296926
-33.21153,22.436068
-32.780293,-28.034088
8.489497,0.23518132
8.696261,0.23299786
8.423235,-0.27994347
8.668991,-0.021103349
-22.824532,-15.087399
6.921868,-0.7103429
-19.94619,19.460806
6.6068544,0.89268106
-10.09333,-3.7388237
7.538462,-0.05592627
-11.029371,-7.711369
10.329504,0.81616235
10.1595,-0.53725547
7.939793,0.010109352
-25.21523,-25.97502
8.09436,-0.7340657
10.2779045,0.44037813
9.089788,0.15237348
7.180907,-0.37423354
8.703485,0.33139718
7.2289543,0.8082026
-15.74025,16.91802
9.370831,-0.52878
7.880504,-0.29865527
8.668963,-0.4899924
9.907504,-0.12979446
9.523935,0.07019752
8.679316,-0.07489745
-25.265999,-16.03777
-15.137259,-13.836017
-24.872105,-24.126087
8.286084,-0.010805537
8.067072,-1.1049104
-18.613016,18.34614
8.556859,0.117840454
7.389524,-1.02056
-17.574877,-12.708302
9.334024,-0.7409268
8.345759,0.40918258
9.209157,0.2833521
-15.656119,-14.940462
8.8314085,-0.73196435
8.620437,-0.5971562
9.1502495,0.3752703
10.085783,-0.016870463
8.442162,-0.32758877
10.575523,-0.8752968
9.191063,0.28078374
6.083394,0.5568062
-17.472748,16.289993
8.147179,-0.3021951
-10.224855,16.150925
6.4397635,-0.28872904
8.361682,0.24493276
10.1883135,0.4091346
7.853358,-0.99236625
7.6652207,0.8535745
8.463783,-0.017420717
-0.6317828,2.975742
7.44923,-0.98333496
4.9644136,1.9024324
-18.999924,-18.026592
-13.900085,17.479652
6.824558,-1.2719995
9.880522,-0.6952631
9.59495,-0.35066566
10.722159,-0.5895387
4.8563914,-1.121167
8.792533,-0.71158975
10.04845,-0.24632779
-21.950695,-15.443961
-22.911343,21.68173
-15.75413,-15.599342
7.26197,-0.13027506
7.8838544,-0.88220924
-20.4332,21.210901
4.553363,-1.0171039
-20.741749,23.745083
-20.852793,-13.997176
-23.645086,-19.434576
-6.3106766,-4.3793287
6.1065497,-0.07417663
-18.818146,15.379477
9.509451,0.80004245
8.467108,-0.3092311
-18.557613,19.740572
8.472531,-0.49880168
8.500178,-0.106025316
9.865591,-0.40569466
8.922315,-0.036292765
9.274304,-0.2693351
8.297861,-0.28722548
10.358292,-0.05329343
9.367176,0.40591058
8.090783,-0.49271938
4.6675014,2.0153933
9.291325,-0.42588413
8.172793,0.002383167
-20.316463,21.069723
-18.710772,20.218416
8.077305,-0.01738691
7.47976,0.31761885
9.121089,0.59173584
8.65686,-0.16541196
1.1073723,-3.0752003
8.44734,-0.68260175
8.874351,-0.19103692
-18.025042,-13.744506
9.970458,-0.8446024
8.039938,-0.28111434
8.538746,-0.8478206
-28.462246,-25.673113
-21.385141,-16.69257
8.1579485,-0.21332869
10.680222,0.8594039
8.631801,-0.0693952
8.931786,-0.46469522
10.04115,0.39110082
9.1832905,0.13037929
8.247003,-0.2512193
-19.18653,18.960915
7.1196527,-0.7508507
6.416564,0.10352023
8.064202,-1.0332253
7.9290547,-0.65961945
9.341806,0.42078793
9.846398,0.29985124
10.13802,0.123278
9.143863,-0.41415372
8.039802,0.39470106
9.141913,-1.1095318
12.023648,-0.07636622
-19.049965,16.20808
8.428772,-0.3917178
-20.858566,-17.02648
10.041354,-0.25026453
10.006309,0.43381584
-10.8197775,-8.031389
-27.914595,-28.53771
9.101941,0.40211958
8.951014,0.64338547
9.418245,0.13248906
8.322586,-0.13540383
-25.129238,16.386143
7.0873203,-0.38392007
8.636551,-0.6659815
7.9715867,-1.0777224
6.5612917,1.296401
8.687666,0.43494526
10.599493,0.56191653
-26.850016,-27.267508
-14.963221,-9.466655
7.500333,-0.8231442
9.926613,-0.4402467
9.647699,0.11505112
8.879852,-0.6975197
10.753923,-0.46287933
6.811218,1.1817933
10.806849,-0.41853663
-5.3442087,-2.8740168
8.806022,-0.18835294
9.363457,0.18844841
-21.95795,22.427685
7.277948,0.5289266
-22.319942,-19.940683
5.9508247,-0.46113506
7.9395943,0.080459364
7.7577605,-0.80511516
9.434841,-0.5117423
8.540804,-0.372775
9.569542,0.4854381
-18.374752,-14.399672
7.6562376,-0.87758964
10.1049185,-0.030560216
8.954316,-0.31023467
7.541257,-0.09606178
6.205837,0.41549847
8.579262,0.3254913
-25.926218,23.59984
4.0555425,-1.3203373
10.620485,0.41455892
9.441331,0.49324614
8.656628,-0.31668225
8.126423,-0.4252134
10.210726,-0.18874021
-23.354002,-22.469973
8.662352,-0.36173218
-32.115524,8.166474
9.074726,-0.8109035
-31.021515,31.1594
-20.717602,-18.658285
-15.619227,-11.741177
-16.740765,15.77829
-23.554035,-20.715506
-2.6498601,10.196927
-15.493647,18.886602
-9.063854,13.563658
-22.226912,-17.655487
-3.3440678,-9.547068
-22.547604,20.6776
9.47801,0.8537727
-19.973045,13.513434
10.718753,0.1631829
-16.484943,17.449162
8.292755,-0.21855721
-20.320316,10.774426
7.95281,0.83526653
10.194738,-0.3060566
-13.756623,17.19356
9.59928,0.12571175
8.976098,-0.6938933
-23.21944,-17.926231
8.823266,0.10377569
9.26174,-0.22123118
9.398486,0.4257417
9.514256,0.27266788
8.278099,-0.7152046
8.523477,-1.1498833
-26.183653,23.43939
8.328121,-0.010401987
10.1794615,0.016624669
9.105601,-0.037767813
8.438551,-0.9318466
-17.733486,-12.535772
8.93706,-0.68859684
9.645473,0.3545023
10.3405485,0.024763722
-20.41434,-15.395009
8.397133,-0.24914703
-26.905666,-23.760681
-15.407714,15.173726
8.9611635,-0.033230368
0.47275117,-3.715632
10.369616,-0.17007382
7.8182096,-0.09523229
9.507631,-0.00394055
-22.124748,21.172539
10.610704,0.07502271
9.047575,-0.5709549
6.6235948,0.35702857
9.086992,-0.3671987
9.288832,-0.15720642
-21.485668,-15.733804
-23.021008,-19.672167
-22.873127,-20.06563
-26.575705,-25.906965
8.540607,-0.14480819
-18.486778,19.374243
9.515302,-0.36420944
-17.921991,-14.72408
7.8937635,-0.36259568
9.118603,0.050230816
9.18166,0.3015365
9.062235,0.15214594
8.956009,-0.93995446
9.389125,0.4081611
9.624509,-0.4167313
9.630254,0.30277884
8.322823,0.14038807
8.150428,-0.74468166
8.724105,-0.44805735
9.7911215,-0.17660472
7.7026534,-0.6796132
8.570295,-0.34330988
-24.69246,-2.4804068
9.560993,-0.7564545
-32.675446,25.053082
-22.61198,-19.434616
-10.947459,-9.634444
8.784332,-0.15205717
9.128876,-0.35700327
9.26218,-0.61249155
9.504616,-0.24771793
8.451839,-0.06352337
9.135977,-0.24421225
10.44729,-0.42939702
8.955244,-0.029214608
9.256071,0.24888879
-29.35559,23.39304
8.477734,-0.61300135
-5.8652124,11.396097
-27.855677,19.590315
9.778631,-0.074047126
-18.815056,-16.238953
9.882654,-0.51999503
9.562362,-0.17026909
11.207544,0.023638261
9.689564,0.34782705
8.688773,-0.067414075
8.954907,-1.0204277
7.8330517,0.06805395
-18.007982,-14.622498
8.982245,-0.031573705
7.3536305,-0.59558487
-22.069984,24.861048
-26.039698,-21.345737
10.09933,0.15772761
9.345333,0.6256021
9.941798,0.031618748
8.549348,-0.63276327
7.277227,-0.41286865
9.573618,0.27658632
8.370853,0.78585154
10.055698,-0.2469473
10.265089,0.66757065
8.127494,-0.5030443
10.374415,-0.030197801
8.157625,-0.12551697
-17.314062,16.937485
10.044811,-0.36709186
-30.265276,14.476822
9.346771,0.03422265
-23.49187,-20.18364
10.409829,0.5948362
7.936245,-0.19056156
-23.628942,-5.8703218
6.7918043,-0.14989872
-1.6074356,9.196865
-24.06415,-19.603085
-20.453619,26.5614
6.937034,-0.61372554
-25.401419,-23.294125
9.157847,0.33121607
8.437206,-0.27305338
8.875922,-0.15288071
9.258783,0.7533017
7.5776477,-0.97208846
11.06715,0.54704666
7.785397,-1.1300129
8.610515,-0.19063519
8.248379,-0.7550748
-4.442897,5.6757627
9.862872,-0.17316355
8.578318,-1.0289863
-14.331237,13.820663
6.8844647,0.38240722
9.1557665,-0.6226141
8.142181,-0.52919215
9.0207615,-0.55741227
9.089215,0.0014637103
-17.659275,16.315487
9.53742,-0.3953057
9.240363,0.80393624
9.282828,0.36845112
-20.024141,-19.20218
7.549221,-0.6216957
-21.635511,-19.848118
-15.808494,-11.287458
7.7449636,0.055716407
8.531684,1.3933698
-18.61478,-16.881111
8.408425,-0.47003466
-21.207146,-18.235214
8.634719,-0.3142913
2.03692,5.210657
11.082966,-0.028571568
10.124706,-0.40237492
7.754123,-0.73312044
8.407336,-0.12627392
8.977545,-0.82579684
9.128352,-0.21452218
9.170639,0.35922572
4.9032326,3.463876
4.062385,0.87547916
8.972827,-0.82463694
9.026982,-0.071282856
7.26715,-0.7053808
9.648413,-0.1484946
6.5438523,1.0488836
-19.454765,23.415758
9.145265,-0.44164336
9.345723,-0.072038904
10.271239,-0.27862787
-14.254074,17.355093
8.9685955,0.31284344
-13.44236,-9.84815
8.766486,-0.48238832
-23.167484,21.363047
-15.048641,4.591658
4.6122417,0.09162461
8.734122,-0.43779728
-27.835213,21.921675
7.8911986,-1.1052308
-16.349857,-13.90086
9.717194,0.50250375
7.100606,-0.48637646
8.648637,-0.2937899
5.683452,-0.0073889364
5.786408,-1.3274537
10.274205,-0.21921478
-27.454004,-26.189894
-21.920902,-22.77809
-2.6467938,-0.7903899
9.804943,-0.05559389
-15.061812,-12.478581
9.586872,-0.7250748
-13.801119,-10.856015
-24.456364,-23.874144
-9.39208,-9.608177
-17.83951,19.514606
-21.855434,13.590348
10.2721195,0.01445679
9.448263,-0.24166332
8.480004,-0.3584592
8.353828,0.7580355
8.227142,-0.060966384
-18.637548,21.150106
10.172481,0.21702515
-21.770817,21.264404
-14.056553,-11.934014
9.700224,-0.4717586
-24.822796,27.888222
9.151755,-0.13245346
-14.937941,-11.626141
8.724198,-0.50698626
5.795316,0.083973505
8.202946,0.17989948
-22.262455,21.966696
6.95692,-0.2593652
10.189221,0.32825908
9.592658,0.14040773
-20.503435,25.96542
1.8953286,-3.6147327
7.3171906,-0.3482509
9.8988,0.67739636
8.917976,-0.10586228
-22.781103,-22.101202
8.179859,-0.08366848
8.063088,-0.27794358
8.4853735,-0.07053654
-22.684898,12.756294
8.670533,-0.18944333
-16.607882,-13.395019
8.872321,-0.22414684
3.8288314,-0.5621686
-11.23134,-13.273945
-29.16093,13.945404
10.009555,-0.40220553
-17.867504,-17.28077
7.551638,-0.17798387
9.558632,-0.39630723
2.7102642,1.376076
9.280338,-0.06519915
-19.973282,15.751852
11.182266,0.13721828
9.283983,0.061103508
-19.232277,-18.696415
7.917672,-0.7052962
-30.501959,-27.274298
8.479634,-0.27124554
11.022176,-0.2528422
9.834856,-1.0480891
9.224956,1.592722
8.638212,-0.35981247
9.857021,0.19757713
-25.033405,-24.163887
2.5567262,-2.7505584
5.6878014,0.99348444
-25.471947,-21.87006
8.794316,-0.29720265
8.641329,0.5644315
7.2235785,0.34969804
8.975499,1.0159847
8.827512,-0.05561151
-26.018553,15.795583
9.5237,-1.1195163
8.89755,-0.39775026
-24.341196,22.274342
8.764063,-0.5163711
-18.94296,-15.753756
8.861113,-0.050288666
9.339245,0.47411796
6.0634933,0.40070814
8.757012,0.71968144
10.378459,0.41820094
9.006372,-0.19115269
10.46066,0.49535835
9.764845,-0.36283675
-16.443678,-11.975166
9.384251,-0.33979243
-17.808428,0.6387609
9.033585,-0.29961798
-19.67968,-13.498247
9.380023,0.6966093
8.791606,-0.30879313
-25.556293,-16.853464
-20.654556,-14.312704
7.581817,-0.57109237
9.638443,-0.29830799
7.72841,-0.6230558
9.389537,0.30170628
9.137228,0.49353492
-20.384945,-17.270346
-20.414495,18.352636
-24.444868,20.265062
-23.524273,26.45269
11.033667,-0.017551787
9.838225,-0.11629832
9.962514,-0.6379614
9.174111,-0.5702938
6.998211,-0.7729117
8.374354,0.12806445
9.934448,0.77038133
8.353538,0.04477442
9.062037,1.3871518
9.010513,-0.33810964
9.763441,-0.0366201
8.637294,-0.14937165
7.3154297,-0.5128032
8.128801,-0.33606097
10.34679,0.32788536
8.39404,-0.530671
7.3883634,0.503705
8.85975,-0.55951655
10.516412,0.605143
6.734853,0.31726637
11.000058,-0.012988027
9.30405,-0.6456727
9.716967,0.13864033
8.125552,-0.36951727
-10.140526,12.703109
9.368889,0.29245242
-23.0104,-21.405323
10.622319,-0.050721932
7.679744,-0.7472049
9.4161625,-0.1804337
10.224709,-0.11187356
8.030861,-1.1361309
8.746745,-0.75961506
-23.651201,20.993753
9.354248,0.34660572
-29.245419,15.568997
-1.5500518,-0.4965294
9.061065,0.5986482
9.437181,0.018018939
10.126137,-0.68793225
7.694602,-1.359504
7.789793,-0.25922656
8.539236,0.37653944
9.055728,-0.055312846
8.489336,-0.12466947
-13.2769165,-10.541176
9.41495,-0.08206837
10.55538,-0.020086015
8.327518,0.27353242
9.033964,-0.61849445
8.848048,-1.1404645
10.279027,0.17271978
8.436787,0.11622279
9.876078,0.33785594
-11.050165,-9.531757
7.9082403,-1.337167
8.388438,-0.2030313
8.750502,-0.12998796
8.042415,-0.06918215
-20.996912,22.379622
8.030139,-1.1252762
-24.126131,19.615906
8.4483,-0.40080145
9.804148,0.38360292
-32.12282,17.030664
9.76036,-0.34216186
-22.917389,-23.511692
7.6908836,-0.105648115
7.992144,-0.07336473
-13.839416,17.643795
9.122719,-0.7905777
9.5111265,0.7814148
9.502003,0.047649417
-22.51086,24.57731
9.781464,-0.08852622
8.2364435,-1.204346
-25.088501,-17.886305
8.227122,-0.33763975
7.808163,0.092501424
-21.849928,21.669233
8.564442,-0.25266096
7.8695235,-0.8301434
-19.870506,20.731184
6.8951283,-0.2951007
7.3861885,-0.36559644
-20.22929,-15.111205
-15.029706,16.878311
8.55424,0.19563107
10.07597,-0.707368
8.398384,-0.876003
-15.882421,15.646982
-30.8935,-22.647705
-23.718254,-21.963135
8.423218,-0.17579058
8.308104,-0.45177326
8.224095,-0.32056773
8.301866,-0.2923808
9.520058,0.4511022
6.2255363,-0.5472582
10.357705,1.4117932
9.276289,-0.58827585
8.775042,-0.24138938
7.82416,-0.066964366
9.688539,0.06380814
8.266755,0.101922475
11.151259,0.7012413
9.651605,0.57289624
8.321794,-0.4357165
7.8573303,-1.2079238
7.2142515,-0.25799528
8.966208,-0.6092802
7.084659,-0.3060798
-24.590136,-23.121647
-12.759852,-12.154646
8.719169,-1.0138291
9.150388,0.4705146
8.436572,-0.050291177
10.000795,-0.098453924
8.233777,-0.37957293
9.960308,0.41877973
9.761214,-0.54530185
9.5637045,0.14492998
-31.13955,18.834534
-31.580038,27.550938
7.958858,-0.6169053
9.365785,-0.3605721
6.895072,0.17903692
-23.910755,-19.898033
-22.997343,-18.07845
9.719605,-0.25928444
10.7467,-0.09036838
8.336477,-0.08732566
-18.757849,-13.725132
-16.655537,18.887281
8.968139,0.4472408
9.04816,0.59370553
9.441906,-0.60900605
7.0542846,-0.5050673
9.794015,-0.21430095
6.0688033,2.133044
9.11659,-0.19823118
-18.563538,8.6524515
7.6554804,0.022059392
8.889159,-0.6252881
7.1032176,1.1664692
9.378676,-0.22927603
-18.628904,-14.592448
9.193174,0.003581199
9.606818,0.15539974
-10.871971,-12.326895
8.486437,-0.38723725
-24.700075,-19.787384
8.032659,-0.23135042
-14.610902,-10.092723
10.335145,0.3714787
10.116378,-0.3389223
6.387822,-0.13624053
-15.268299,-10.594532
8.923728,-0.3670827
-22.703344,22.794655
8.6950035,1.3108242
8.635285,0.2684517
8.840995,0.191331
8.248516,0.18985046
-9.402928,-8.97323
9.458791,-0.31671822
9.123593,-0.3296992
-26.744175,-25.580158
-14.222543,10.8284025
10.5262575,-0.23609558
-21.807377,1.5004501
-22.82083,21.96514
7.5019083,0.6283551
-31.672747,-7.7465425
9.857431,0.17827383
7.991722,0.006812079
9.416346,-0.01842205
-17.05718,16.907696
7.6298065,-0.8784917
9.32104,-0.13505635
10.244159,0.28157312
9.883535,-0.44781306
9.666222,-0.63615817
6.5116687,0.24306914
8.625712,-0.05301338
6.4645414,-0.5417109
-16.330278,12.783487
8.499242,-0.4929337
-31.486715,-27.022894
-24.04066,21.352724
-22.088345,-21.251825
8.73318,-0.4902476
8.403532,-0.45801806
6.987148,-0.27366304
9.913598,-0.16811985
-0.76090956,5.516233
9.522832,0.17673072
9.948595,0.30262542
8.579371,-0.49812368
8.140073,-0.33450708
9.183759,0.6158237
6.522551,0.40578824
7.857145,-0.24250384
-17.414482,18.1376
8.81668,0.5246271
9.369247,-0.27346152
9.688919,0.7158668
7.3580723,1.1645797
-8.04568,2.5401728
9.648994,-0.6438911
-23.798485,-17.804298
10.145172,-0.6291312
7.5211473,0.5307448
-18.206108,-17.230944
1.5583081,5.582258
9.212848,0.28401524
11.463334,1.2364619
7.831627,-0.2544483
-15.095572,16.242634
9.1489105,0.07499664
-22.416939,23.033857
10.357743,0.0063373
7.0311794,-0.3205233
-3.5585005,-0.6399391
-31.681831,-25.784914
9.137263,-0.1374817
7.26482,-1.0889641
9.166569,-0.16746867
9.810846,-0.20378165
10.200139,-0.039034843
8.662475,-0.48453754
9.328593,-0.76667356
8.929841,-0.21472465
6.5229235,0.69428575
-26.871704,11.274616
9.939187,0.44060966
7.629544,-0.22498499
7.855907,-0.25398934
8.676849,-0.00027755706
-27.484766,-26.284595
9.748752,-0.8668373
9.062439,-0.03331924
8.533904,0.16541748
10.270805,0.2059567
3.949482,-0.03344541
-16.83408,-11.263842
-10.607156,15.261003
9.54982,1.0885104
-33.309418,-25.097727
